id1,x1,y1,id2,x2,y2,direction
0,20.42982179255109,18.031685705520694,0,-2.408978502962785,6.171133136953331,>
1,5.791676861324237,-4.259185627197209,1,-21.22421929364856,-0.23711765567795334,>
2,-13.035625415208068,-6.648738801278321,2,-18.65931168871446,-1.217114142710845,>
3,-2.0168495619814553,3.0821946185256426,3,7.415114781621334,-3.0156223609809727,>
