S=[LO,CX,DB,PX,RB];result
[1.0,0.0,0.0,0.0,0.0];0.6509154606175911
[0.0,1.0,0.0,0.0,0.0];0.44682828660128127
[0.0,0.0,1.0,0.0,0.0];0.41292659235575546
[0.0,0.0,0.0,1.0,0.0];0.4363285622327451
[0.5,0.0,0.0,0.5,0.0];0.6623992547764312
[0.5,0.0,0.5,0.0,0.0];0.6405525316880032
[0.5,0.0,0.16666666666666666,0.16666666666666666,0.16666666666666666];0.6974313630656688
[0.2,0.2,0.2,0.2,0.2];0.6919166011303821
[0.5,0.0,0.0,0.0,0.5];0.710810156804711
[0.0,0.0,0.0,0.0,1.0];0.6680674370386497
