S=[LO,CX,DB,PX,RB];result
[1.0,0.0,0.0,0.0,0.0];0.6385684417897421
[0.0,1.0,0.0,0.0,0.0];0.4301266358300436
[0.0,0.0,1.0,0.0,0.0];0.3592262522688814
[0.0,0.0,0.0,1.0,0.0];0.4474868967646115
[0.5,0.0,0.0,0.5,0.0];0.617077196737289
[0.5,0.0,0.5,0.0,0.0];0.6168226256502061
[0.5,0.0,0.16666666666666666,0.16666666666666666,0.16666666666666666];0.6672189150185912
[0.2,0.2,0.2,0.2,0.2];0.69079103060221
[0.5,0.0,0.0,0.0,0.5];0.6822803521576928
[0.0,0.0,0.0,0.0,1.0];0.5339330784832947
