S=[LO,CX,DB,PX,RB];result
[1.0,0.0,0.0,0.0,0.0];0.6153621086631039
[0.0,1.0,0.0,0.0,0.0];0.4532413484029474
[0.0,0.0,1.0,0.0,0.0];0.3488705527485664
[0.0,0.0,0.0,1.0,0.0];0.42253948057075486
[0.5,0.0,0.0,0.5,0.0];0.6802222322067104
[0.5,0.0,0.5,0.0,0.0];0.5890524553553498
[0.5,0.0,0.16666666666666666,0.16666666666666666,0.16666666666666666];0.6993046251127002
[0.2,0.2,0.2,0.2,0.2];0.6934474880457493
[0.5,0.0,0.0,0.0,0.5];0.7084849500887687
[0.0,0.0,0.0,0.0,1.0];0.6267580044862313
