S=[LO,CX,DB,PX,RB];result
[1.0,0.0,0.0,0.0,0.0];0.6401736704570363
[0.0,1.0,0.0,0.0,0.0];0.4838815100667132
[0.0,0.0,1.0,0.0,0.0];0.4173595742129567
[0.0,0.0,0.0,1.0,0.0];0.4879572842716384
[0.5,0.0,0.0,0.5,0.0];0.7020989071804978
[0.5,0.0,0.5,0.0,0.0];0.6496287436522499
[0.5,0.0,0.16666666666666666,0.16666666666666666,0.16666666666666666];0.7348596835523626
[0.2,0.2,0.2,0.2,0.2];0.7040919805160399
[0.5,0.0,0.0,0.0,0.5];0.7314926137323469
[0.0,0.0,0.0,0.0,1.0];0.6384939363406001
