S=[LO,CX,DB,PX,RB];result
[1.0,0.0,0.0,0.0,0.0];0.604984025853676
[0.0,1.0,0.0,0.0,0.0];0.4140321549760048
[0.0,0.0,1.0,0.0,0.0];0.3541199462018163
[0.0,0.0,0.0,1.0,0.0];0.4055903502342416
[0.5,0.0,0.0,0.5,0.0];0.6072182894225611
[0.5,0.0,0.5,0.0,0.0];0.5645844493726879
[0.5,0.0,0.16666666666666666,0.16666666666666666,0.16666666666666666];0.6644314474712203
[0.2,0.2,0.2,0.2,0.2];0.6750873209689878
[0.5,0.0,0.0,0.0,0.5];0.6554938337632088
[0.0,0.0,0.0,0.0,1.0];0.5293990872234865
