S=[LO,CX,DB,PX,RB];result
[1.0,0.0,0.0,0.0,0.0];0.631883742736127
[0.0,1.0,0.0,0.0,0.0];0.4469807267834492
[0.0,0.0,1.0,0.0,0.0];0.3497893831555118
[0.0,0.0,0.0,1.0,0.0];0.4367767829376366
[0.5,0.0,0.0,0.5,0.0];0.6076204780721943
[0.5,0.0,0.5,0.0,0.0];0.6091830127077629
[0.5,0.0,0.16666666666666666,0.16666666666666666,0.16666666666666666];0.6816574000866213
[0.2,0.2,0.2,0.2,0.2];0.6761361245593083
[0.5,0.0,0.0,0.0,0.5];0.6823076702231723
[0.0,0.0,0.0,0.0,1.0];0.6302753355631301
