S=[LO,CX,DB,PX,RB];result
[1.0,0.0,0.0,0.0,0.0];0.6101466324061975
[0.0,1.0,0.0,0.0,0.0];0.46004082271879126
[0.0,0.0,1.0,0.0,0.0];0.4015480432529619
[0.0,0.0,0.0,1.0,0.0];0.4457260874328113
[0.5,0.0,0.0,0.5,0.0];0.6708119798924124
[0.5,0.0,0.5,0.0,0.0];0.5877062113917748
[0.5,0.0,0.16666666666666666,0.16666666666666666,0.16666666666666666];0.7110821438673656
[0.2,0.2,0.2,0.2,0.2];0.7003494600305422
[0.5,0.0,0.0,0.0,0.5];0.701812493487306
[0.0,0.0,0.0,0.0,1.0];0.6133351072140956
