S=[LO,CX,DB,PX,RB];result
[1.0,0.0,0.0,0.0,0.0];0.6482445540354183
[0.0,1.0,0.0,0.0,0.0];0.4519040094604534
[0.0,0.0,1.0,0.0,0.0];0.4063049716642819
[0.0,0.0,0.0,1.0,0.0];0.47637718942326823
[0.5,0.0,0.0,0.5,0.0];0.6634155456171104
[0.5,0.0,0.5,0.0,0.0];0.6239672673601281
[0.5,0.0,0.16666666666666666,0.16666666666666666,0.16666666666666666];0.7214197276042125
[0.2,0.2,0.2,0.2,0.2];0.6945507847040093
[0.5,0.0,0.0,0.0,0.5];0.6915223614351995
[0.0,0.0,0.0,0.0,1.0];0.6155470594663139
