S=[LO,CX,DB,PX,RB];result
[1.0,0.0,0.0,0.0,0.0];0.6655110153605323
[0.0,1.0,0.0,0.0,0.0];0.4499249609113155
[0.0,0.0,1.0,0.0,0.0];0.39512237044473897
[0.0,0.0,0.0,1.0,0.0];0.48036023182061727
[0.5,0.0,0.0,0.5,0.0];0.6610736987116739
[0.5,0.0,0.5,0.0,0.0];0.622770394998155
[0.5,0.0,0.16666666666666666,0.16666666666666666,0.16666666666666666];0.7281596803306565
[0.2,0.2,0.2,0.2,0.2];0.7237382428375229
[0.5,0.0,0.0,0.0,0.5];0.7156953573954135
[0.0,0.0,0.0,0.0,1.0];0.6821661816855159
