S=[LO,CX,DB,PX,RB];result
[1.0,0.0,0.0,0.0,0.0];0.6390524333932421
[0.0,1.0,0.0,0.0,0.0];0.4846181886857339
[0.0,0.0,1.0,0.0,0.0];0.405568289994517
[0.0,0.0,0.0,1.0,0.0];0.484859955747522
[0.5,0.0,0.0,0.5,0.0];0.6668778574939052
[0.5,0.0,0.5,0.0,0.0];0.6381555708211699
[0.5,0.0,0.16666666666666666,0.16666666666666666,0.16666666666666666];0.7253943468611705
[0.2,0.2,0.2,0.2,0.2];0.7041511644945013
[0.5,0.0,0.0,0.0,0.5];0.7142991249083452
[0.0,0.0,0.0,0.0,1.0];0.5699658515156916
