S=[LO,CX,DB,PX,RB];result
[1.0,0.0,0.0,0.0,0.0];0.642175026942991
[0.0,1.0,0.0,0.0,0.0];0.44791011149421683
[0.0,0.0,1.0,0.0,0.0];0.43034489170129375
[0.0,0.0,0.0,1.0,0.0];0.47080950749537676
[0.5,0.0,0.0,0.5,0.0];0.659008906108599
[0.5,0.0,0.5,0.0,0.0];0.6242742823724268
[0.5,0.0,0.16666666666666666,0.16666666666666666,0.16666666666666666];0.7262566130656194
[0.2,0.2,0.2,0.2,0.2];0.6925296717024501
[0.5,0.0,0.0,0.0,0.5];0.6919980276395523
[0.0,0.0,0.0,0.0,1.0];0.6161219519434501
