S=[LO,CX,DB,PX,RB];result
[1.0,0.0,0.0,0.0,0.0];0.6851279175293084
[0.0,1.0,0.0,0.0,0.0];0.45718232434424133
[0.0,0.0,1.0,0.0,0.0];0.4339497711136938
[0.0,0.0,0.0,1.0,0.0];0.45021978511426375
[0.5,0.0,0.0,0.5,0.0];0.7032402339937323
[0.5,0.0,0.5,0.0,0.0];0.6654038106663246
[0.5,0.0,0.16666666666666666,0.16666666666666666,0.16666666666666666];0.7274519556631147
[0.2,0.2,0.2,0.2,0.2];0.7170927284289137
[0.5,0.0,0.0,0.0,0.5];0.7272938958358088
[0.0,0.0,0.0,0.0,1.0];0.624046779922452
