S=[LO,CX,DB,PX,RB];result
[1.0,0.0,0.0,0.0,0.0];0.6658649099052372
[0.0,1.0,0.0,0.0,0.0];0.47389564226978614
[0.0,0.0,1.0,0.0,0.0];0.38365352183944756
[0.0,0.0,0.0,1.0,0.0];0.48514597429960826
[0.5,0.0,0.0,0.5,0.0];0.6909604314437782
[0.5,0.0,0.5,0.0,0.0];0.6516031862774628
[0.5,0.0,0.16666666666666666,0.16666666666666666,0.16666666666666666];0.7240797293168029
[0.2,0.2,0.2,0.2,0.2];0.7278607968039525
[0.5,0.0,0.0,0.0,0.5];0.7141479842731566
[0.0,0.0,0.0,0.0,1.0];0.6302459890598535
