S=[LO,CX,DB,PX,RB];result
[1.0,0.0,0.0,0.0,0.0];0.6791625491836815
[0.0,1.0,0.0,0.0,0.0];0.4505528834513035
[0.0,0.0,1.0,0.0,0.0];0.4108518044208834
[0.0,0.0,0.0,1.0,0.0];0.48717786701332366
[0.5,0.0,0.0,0.5,0.0];0.6332074242138968
[0.5,0.0,0.5,0.0,0.0];0.6329882784522474
[0.5,0.0,0.16666666666666666,0.16666666666666666,0.16666666666666666];0.7104254174333378
[0.2,0.2,0.2,0.2,0.2];0.6973782902322959
[0.5,0.0,0.0,0.0,0.5];0.706433213897419
[0.0,0.0,0.0,0.0,1.0];0.6647153423665915
