S=[LO,CX,DB,PX,RB];result
[1.0,0.0,0.0,0.0,0.0];0.6383275092546467
[0.0,1.0,0.0,0.0,0.0];0.488727447477445
[0.0,0.0,1.0,0.0,0.0];0.4085113269478743
[0.0,0.0,0.0,1.0,0.0];0.47394131510198545
[0.5,0.0,0.0,0.5,0.0];0.67887625265725
[0.5,0.0,0.5,0.0,0.0];0.6224429976450931
[0.5,0.0,0.16666666666666666,0.16666666666666666,0.16666666666666666];0.7132571785000176
[0.2,0.2,0.2,0.2,0.2];0.7220499765089929
[0.5,0.0,0.0,0.0,0.5];0.7308168865503379
[0.0,0.0,0.0,0.0,1.0];0.6433458546314432
