S=[LO,CX,DB,PX,RB];result
[1.0,0.0,0.0,0.0,0.0];0.6800677924412684
[0.0,1.0,0.0,0.0,0.0];0.43620989843959346
[0.0,0.0,1.0,0.0,0.0];0.39062223290113435
[0.0,0.0,0.0,1.0,0.0];0.46087878291194406
[0.5,0.0,0.0,0.5,0.0];0.681088319681596
[0.5,0.0,0.5,0.0,0.0];0.631042697167547
[0.5,0.0,0.16666666666666666,0.16666666666666666,0.16666666666666666];0.6996465805132217
[0.2,0.2,0.2,0.2,0.2];0.6995940770542466
[0.5,0.0,0.0,0.0,0.5];0.7177296492272838
[0.0,0.0,0.0,0.0,1.0];0.6148538162912154
