S=[LO,CX,DB,PX,RB];result
[1.0,0.0,0.0,0.0,0.0];0.6662803131090997
[0.0,1.0,0.0,0.0,0.0];0.4837584653836381
[0.0,0.0,1.0,0.0,0.0];0.4106000802926825
[0.0,0.0,0.0,1.0,0.0];0.46924719266911463
[0.5,0.0,0.0,0.5,0.0];0.6491736388136747
[0.5,0.0,0.5,0.0,0.0];0.6589787450865908
[0.5,0.0,0.16666666666666666,0.16666666666666666,0.16666666666666666];0.7275712776081857
[0.2,0.2,0.2,0.2,0.2];0.7081836600001374
[0.5,0.0,0.0,0.0,0.5];0.7047769905868666
[0.0,0.0,0.0,0.0,1.0];0.663362390651757
