S=[LO,CX,DB,PX,RB];result
[1.0,0.0,0.0,0.0,0.0];0.6689241318947959
[0.0,1.0,0.0,0.0,0.0];0.4742899553658499
[0.0,0.0,1.0,0.0,0.0];0.3944242511436441
[0.0,0.0,0.0,1.0,0.0];0.4578123576256058
[0.5,0.0,0.0,0.5,0.0];0.6878635220302372
[0.5,0.0,0.5,0.0,0.0];0.6144032903395102
[0.5,0.0,0.16666666666666666,0.16666666666666666,0.16666666666666666];0.6952224002604551
[0.2,0.2,0.2,0.2,0.2];0.6957178096923362
[0.5,0.0,0.0,0.0,0.5];0.7022050277610628
[0.0,0.0,0.0,0.0,1.0];0.6583422790400615
