S=[LO,CX,DB,PX,RB];result
[1.0,0.0,0.0,0.0,0.0];0.614626394829556
[0.0,1.0,0.0,0.0,0.0];0.421520167846155
[0.0,0.0,1.0,0.0,0.0];0.35094290516166154
[0.0,0.0,0.0,1.0,0.0];0.4556558296312496
[0.5,0.0,0.0,0.5,0.0];0.6535125543359728
[0.5,0.0,0.5,0.0,0.0];0.631465052482516
[0.5,0.0,0.16666666666666666,0.16666666666666666,0.16666666666666666];0.7154350223573509
[0.2,0.2,0.2,0.2,0.2];0.6821456654953169
[0.5,0.0,0.0,0.0,0.5];0.6675094224244185
[0.0,0.0,0.0,0.0,1.0];0.5312894833074742
