S=[LO,CX,DB,PX,RB];result
[1.0,0.0,0.0,0.0,0.0];0.6547428719154321
[0.0,1.0,0.0,0.0,0.0];0.47406144295065855
[0.0,0.0,1.0,0.0,0.0];0.42550950839994406
[0.0,0.0,0.0,1.0,0.0];0.46295044776829486
[0.5,0.0,0.0,0.5,0.0];0.6387593469096068
[0.5,0.0,0.5,0.0,0.0];0.620613771381328
[0.5,0.0,0.16666666666666666,0.16666666666666666,0.16666666666666666];0.7111642175181438
[0.2,0.2,0.2,0.2,0.2];0.7178860272626754
[0.5,0.0,0.0,0.0,0.5];0.7211787846094329
[0.0,0.0,0.0,0.0,1.0];0.5907079770310371
