S=[LO,CX,DB,PX,RB];result
[1.0,0.0,0.0,0.0,0.0];0.6748688827553039
[0.0,1.0,0.0,0.0,0.0];0.46154488924272374
[0.0,0.0,1.0,0.0,0.0];0.4008631819676949
[0.0,0.0,0.0,1.0,0.0];0.49645733716673257
[0.5,0.0,0.0,0.5,0.0];0.6500627423998124
[0.5,0.0,0.5,0.0,0.0];0.6395466452748042
[0.5,0.0,0.16666666666666666,0.16666666666666666,0.16666666666666666];0.7157405292681572
[0.2,0.2,0.2,0.2,0.2];0.6897662715983995
[0.5,0.0,0.0,0.0,0.5];0.7157065626748855
[0.0,0.0,0.0,0.0,1.0];0.6305402649671434
