S=[LO,CX,DB,PX,RB];result
[1.0,0.0,0.0,0.0,0.0];0.6692991135208781
[0.0,1.0,0.0,0.0,0.0];0.4709595268325517
[0.0,0.0,1.0,0.0,0.0];0.4243433380348281
[0.0,0.0,0.0,1.0,0.0];0.4922010992990894
[0.5,0.0,0.0,0.5,0.0];0.6657673106582683
[0.5,0.0,0.5,0.0,0.0];0.6391267091643476
[0.5,0.0,0.16666666666666666,0.16666666666666666,0.16666666666666666];0.7251705290759072
[0.2,0.2,0.2,0.2,0.2];0.7180297961298967
[0.5,0.0,0.0,0.0,0.5];0.6884464752584744
[0.0,0.0,0.0,0.0,1.0];0.6427947307990781
