S=[LO,CX,DB,PX,RB];result
[1.0,0.0,0.0,0.0,0.0];0.6399042209692043
[0.0,1.0,0.0,0.0,0.0];0.45634652803627507
[0.0,0.0,1.0,0.0,0.0];0.39257304381679564
[0.0,0.0,0.0,1.0,0.0];0.4612120575721824
[0.5,0.0,0.0,0.5,0.0];0.6831778235267132
[0.5,0.0,0.5,0.0,0.0];0.6258990845364749
[0.5,0.0,0.16666666666666666,0.16666666666666666,0.16666666666666666];0.7303251020563041
[0.2,0.2,0.2,0.2,0.2];0.7090154522760186
[0.5,0.0,0.0,0.0,0.5];0.7212411081067369
[0.0,0.0,0.0,0.0,1.0];0.6492951609514894
