S=[LO,CX,DB,PX,RB];result
[1.0,0.0,0.0,0.0,0.0];0.6454259398472567
[0.0,1.0,0.0,0.0,0.0];0.4370354584809137
[0.0,0.0,1.0,0.0,0.0];0.3331878382742708
[0.0,0.0,0.0,1.0,0.0];0.43806810730147844
[0.5,0.0,0.0,0.5,0.0];0.6617249070480276
[0.5,0.0,0.5,0.0,0.0];0.6149167260709578
[0.5,0.0,0.16666666666666666,0.16666666666666666,0.16666666666666666];0.6683089939090439
[0.2,0.2,0.2,0.2,0.2];0.7038384029909713
[0.5,0.0,0.0,0.0,0.5];0.6970143053231741
[0.0,0.0,0.0,0.0,1.0];0.5815465513341571
