S=[LO,CX,DB,PX,RB];result
[1.0,0.0,0.0,0.0,0.0];0.7020417029813539
[0.0,1.0,0.0,0.0,0.0];0.4920851227848191
[0.0,0.0,1.0,0.0,0.0];0.44171861641329613
[0.0,0.0,0.0,1.0,0.0];0.5011200568997344
[0.5,0.0,0.0,0.5,0.0];0.6614257138943709
[0.5,0.0,0.5,0.0,0.0];0.6716739302534911
[0.5,0.0,0.16666666666666666,0.16666666666666666,0.16666666666666666];0.7396855705650514
[0.2,0.2,0.2,0.2,0.2];0.7302166187979966
[0.5,0.0,0.0,0.0,0.5];0.7228537750399942
[0.0,0.0,0.0,0.0,1.0];0.6335991620479454
