S=[LO,CX,DB,PX,RB];result
[1.0,0.0,0.0,0.0,0.0];0.6750254545081229
[0.0,1.0,0.0,0.0,0.0];0.536687379419676
[0.0,0.0,1.0,0.0,0.0];0.419266614078719
[0.0,0.0,0.0,1.0,0.0];0.5077853839315696
[0.5,0.0,0.0,0.5,0.0];0.6887931003386359
[0.5,0.0,0.5,0.0,0.0];0.6810747520165542
[0.5,0.0,0.16666666666666666,0.16666666666666666,0.16666666666666666];0.730135790609006
[0.2,0.2,0.2,0.2,0.2];0.7360830766576614
[0.5,0.0,0.0,0.0,0.5];0.7345256022056887
[0.0,0.0,0.0,0.0,1.0];0.6095949713353779
