S=[LO,CX,DB,PX,RB];result
[1.0,0.0,0.0,0.0,0.0];0.6591290547776774
[0.0,1.0,0.0,0.0,0.0];0.4731138323806389
[0.0,0.0,1.0,0.0,0.0];0.39965153566209066
[0.0,0.0,0.0,1.0,0.0];0.4949787373039204
[0.5,0.0,0.0,0.5,0.0];0.6709070677234563
[0.5,0.0,0.5,0.0,0.0];0.6430217857722006
[0.5,0.0,0.16666666666666666,0.16666666666666666,0.16666666666666666];0.7323439932296539
[0.2,0.2,0.2,0.2,0.2];0.7196099436410883
[0.5,0.0,0.0,0.0,0.5];0.6887193496659219
[0.0,0.0,0.0,0.0,1.0];0.6709106283394708
