S=[LO,CX,DB,PX,RB];result
[1.0,0.0,0.0,0.0,0.0];0.6615655984351508
[0.0,1.0,0.0,0.0,0.0];0.45096182184426126
[0.0,0.0,1.0,0.0,0.0];0.37963605004844964
[0.0,0.0,0.0,1.0,0.0];0.42057947692900033
[0.5,0.0,0.0,0.5,0.0];0.6435110982490779
[0.5,0.0,0.5,0.0,0.0];0.6508866587139646
[0.5,0.0,0.16666666666666666,0.16666666666666666,0.16666666666666666];0.7212959951259532
[0.2,0.2,0.2,0.2,0.2];0.7116001524578269
[0.5,0.0,0.0,0.0,0.5];0.7137479762000947
[0.0,0.0,0.0,0.0,1.0];0.600079823153685
