S=[LO,CX,DB,PX,RB];result
[1.0,0.0,0.0,0.0,0.0];0.6090772545061487
[0.0,1.0,0.0,0.0,0.0];0.4175015025094547
[0.0,0.0,1.0,0.0,0.0];0.35336684256523226
[0.0,0.0,0.0,1.0,0.0];0.4030971722440644
[0.5,0.0,0.0,0.5,0.0];0.6367176057852588
[0.5,0.0,0.5,0.0,0.0];0.6232942001533566
[0.5,0.0,0.16666666666666666,0.16666666666666666,0.16666666666666666];0.6993615278414849
[0.2,0.2,0.2,0.2,0.2];0.681761377656106
[0.5,0.0,0.0,0.0,0.5];0.6780790828894547
[0.0,0.0,0.0,0.0,1.0];0.5924290178835119
