S=[LO,CX,DB,PX,RB];result
[1.0,0.0,0.0,0.0,0.0];0.6573465602931496
[0.0,1.0,0.0,0.0,0.0];0.42593744332482286
[0.0,0.0,1.0,0.0,0.0];0.3429781079863018
[0.0,0.0,0.0,1.0,0.0];0.45412661617604355
[0.5,0.0,0.0,0.5,0.0];0.6708728196791474
[0.5,0.0,0.5,0.0,0.0];0.6565859600392554
[0.5,0.0,0.16666666666666666,0.16666666666666666,0.16666666666666666];0.7192028524224019
[0.2,0.2,0.2,0.2,0.2];0.6907868248386606
[0.5,0.0,0.0,0.0,0.5];0.7030584534769988
[0.0,0.0,0.0,0.0,1.0];0.6430470124407952
