S=[LO,CX,DB,PX,RB];result
[1.0,0.0,0.0,0.0,0.0];0.6643967721538877
[0.0,1.0,0.0,0.0,0.0];0.4657435043087246
[0.0,0.0,1.0,0.0,0.0];0.38149002637080964
[0.0,0.0,0.0,1.0,0.0];0.4767940103398205
[0.5,0.0,0.0,0.5,0.0];0.7079221274467681
[0.5,0.0,0.5,0.0,0.0];0.6777901158164423
[0.5,0.0,0.16666666666666666,0.16666666666666666,0.16666666666666666];0.7200922655139836
[0.2,0.2,0.2,0.2,0.2];0.7182757659374638
[0.5,0.0,0.0,0.0,0.5];0.7173309772697163
[0.0,0.0,0.0,0.0,1.0];0.5644744847847696
