S=[LO,CX,DB,PX,RB];result
[1.0,0.0,0.0,0.0,0.0];0.6443625425414665
[0.0,1.0,0.0,0.0,0.0];0.4671158903181081
[0.0,0.0,1.0,0.0,0.0];0.39532771707996883
[0.0,0.0,0.0,1.0,0.0];0.4844853724970593
[0.5,0.0,0.0,0.5,0.0];0.636791794069153
[0.5,0.0,0.5,0.0,0.0];0.6453900841572628
[0.5,0.0,0.16666666666666666,0.16666666666666666,0.16666666666666666];0.7238979160735333
[0.2,0.2,0.2,0.2,0.2];0.6962373919464012
[0.5,0.0,0.0,0.0,0.5];0.7205880734186639
[0.0,0.0,0.0,0.0,1.0];0.6135855158537005
