S=[LO,CX,DB,PX,RB];result
[1.0,0.0,0.0,0.0,0.0];0.6238894208686225
[0.0,1.0,0.0,0.0,0.0];0.4193310452155743
[0.0,0.0,1.0,0.0,0.0];0.3466053022465202
[0.0,0.0,0.0,1.0,0.0];0.4337565078311746
[0.5,0.0,0.0,0.5,0.0];0.6368547844327124
[0.5,0.0,0.5,0.0,0.0];0.6437445877909951
[0.5,0.0,0.16666666666666666,0.16666666666666666,0.16666666666666666];0.6970010986626053
[0.2,0.2,0.2,0.2,0.2];0.673175265108223
[0.5,0.0,0.0,0.0,0.5];0.7019720715897603
[0.0,0.0,0.0,0.0,1.0];0.5994397985582123
