S=[LO,CX,DB,PX,RB];result
[1.0,0.0,0.0,0.0,0.0];0.6322510689904381
[0.0,1.0,0.0,0.0,0.0];0.46827848531966954
[0.0,0.0,1.0,0.0,0.0];0.42094267118641737
[0.0,0.0,0.0,1.0,0.0];0.49333459862441814
[0.5,0.0,0.0,0.5,0.0];0.6545698350136375
[0.5,0.0,0.5,0.0,0.0];0.6311043906590769
[0.5,0.0,0.16666666666666666,0.16666666666666666,0.16666666666666666];0.7071671485672562
[0.2,0.2,0.2,0.2,0.2];0.7012536537501113
[0.5,0.0,0.0,0.0,0.5];0.7196922737766733
[0.0,0.0,0.0,0.0,1.0];0.6295117524470721
