S=[LO,CX,DB,PX,RB];result
[1.0,0.0,0.0,0.0,0.0];0.6594323851338837
[0.0,1.0,0.0,0.0,0.0];0.4227599211803885
[0.0,0.0,1.0,0.0,0.0];0.3589057352145296
[0.0,0.0,0.0,1.0,0.0];0.44424576291675233
[0.5,0.0,0.0,0.5,0.0];0.6829514168139805
[0.5,0.0,0.5,0.0,0.0];0.6461422853217689
[0.5,0.0,0.16666666666666666,0.16666666666666666,0.16666666666666666];0.703493449501548
[0.2,0.2,0.2,0.2,0.2];0.7083465106682325
[0.5,0.0,0.0,0.0,0.5];0.7084450216069502
[0.0,0.0,0.0,0.0,1.0];0.5782674269002523
