S=[LO,CX,DB,PX,RB];result
[1.0,0.0,0.0,0.0,0.0];0.6348840568463807
[0.0,1.0,0.0,0.0,0.0];0.4277246329872162
[0.0,0.0,1.0,0.0,0.0];0.38683284635924625
[0.0,0.0,0.0,1.0,0.0];0.42406979532847666
[0.5,0.0,0.0,0.5,0.0];0.646462764565136
[0.5,0.0,0.5,0.0,0.0];0.6216054101613053
[0.5,0.0,0.16666666666666666,0.16666666666666666,0.16666666666666666];0.6935379732475612
[0.2,0.2,0.2,0.2,0.2];0.7016727621480783
[0.5,0.0,0.0,0.0,0.5];0.6873155320467812
[0.0,0.0,0.0,0.0,1.0];0.6155644050992486
