S=[LO,CX,DB,PX,RB];result
[1.0,0.0,0.0,0.0,0.0];0.6327799216930259
[0.0,1.0,0.0,0.0,0.0];0.4375052498370238
[0.0,0.0,1.0,0.0,0.0];0.3759767189022023
[0.0,0.0,0.0,1.0,0.0];0.4247529387560528
[0.5,0.0,0.0,0.5,0.0];0.6312433134503812
[0.5,0.0,0.5,0.0,0.0];0.6369422170125788
[0.5,0.0,0.16666666666666666,0.16666666666666666,0.16666666666666666];0.7064843905430584
[0.2,0.2,0.2,0.2,0.2];0.7112903082844184
[0.5,0.0,0.0,0.0,0.5];0.7000767084656481
[0.0,0.0,0.0,0.0,1.0];0.6214865642648115
