S=[LO,CX,DB,PX,RB];result
[1.0,0.0,0.0,0.0,0.0];0.6692114190361241
[0.0,1.0,0.0,0.0,0.0];0.4628035245585961
[0.0,0.0,1.0,0.0,0.0];0.41363135164100545
[0.0,0.0,0.0,1.0,0.0];0.4767952057563518
[0.5,0.0,0.0,0.5,0.0];0.6561887279025778
[0.5,0.0,0.5,0.0,0.0];0.6489569237518591
[0.5,0.0,0.16666666666666666,0.16666666666666666,0.16666666666666666];0.7241430428661346
[0.2,0.2,0.2,0.2,0.2];0.7130725215257285
[0.5,0.0,0.0,0.0,0.5];0.730491154342678
[0.0,0.0,0.0,0.0,1.0];0.6712015276418408
