S=[LO,CX,DB,PX,RB];result
[1.0,0.0,0.0,0.0,0.0];0.623394275687412
[0.0,1.0,0.0,0.0,0.0];0.4473288620729665
[0.0,0.0,1.0,0.0,0.0];0.38328165399011843
[0.0,0.0,0.0,1.0,0.0];0.45854178893665365
[0.5,0.0,0.0,0.5,0.0];0.6779825646772957
[0.5,0.0,0.5,0.0,0.0];0.6155139383663126
[0.5,0.0,0.16666666666666666,0.16666666666666666,0.16666666666666666];0.6843153091867831
[0.2,0.2,0.2,0.2,0.2];0.7185179047205907
[0.5,0.0,0.0,0.0,0.5];0.7113952564146904
[0.0,0.0,0.0,0.0,1.0];0.6626423740085461
