S=[LO,CX,DB,PX,RB];result
[1.0,0.0,0.0,0.0,0.0];0.6965323205943739
[0.0,1.0,0.0,0.0,0.0];0.49841038138120897
[0.0,0.0,1.0,0.0,0.0];0.3887773576363891
[0.0,0.0,0.0,1.0,0.0];0.4969186172815989
[0.5,0.0,0.0,0.5,0.0];0.7026802393879958
[0.5,0.0,0.5,0.0,0.0];0.6813520671209465
[0.5,0.0,0.16666666666666666,0.16666666666666666,0.16666666666666666];0.74418067041667
[0.2,0.2,0.2,0.2,0.2];0.7370289932857659
[0.5,0.0,0.0,0.0,0.5];0.7418722271184476
[0.0,0.0,0.0,0.0,1.0];0.6529320817507257
