S=[LO,CX,DB,PX,RB];result
[1.0,0.0,0.0,0.0,0.0];0.6312128198128781
[0.0,1.0,0.0,0.0,0.0];0.4049827034600838
[0.0,0.0,1.0,0.0,0.0];0.3052480238545254
[0.0,0.0,0.0,1.0,0.0];0.4192402726235165
[0.5,0.0,0.0,0.5,0.0];0.648711497405308
[0.5,0.0,0.5,0.0,0.0];0.6373957099071608
[0.5,0.0,0.16666666666666666,0.16666666666666666,0.16666666666666666];0.6963189683378204
[0.2,0.2,0.2,0.2,0.2];0.6993619936691404
[0.5,0.0,0.0,0.0,0.5];0.6927263840294937
[0.0,0.0,0.0,0.0,1.0];0.6515534027707744
