S=[LO,CX,DB,PX,RB];result
[1.0,0.0,0.0,0.0,0.0];0.7191915482152976
[0.0,1.0,0.0,0.0,0.0];0.5081033295699281
[0.0,0.0,1.0,0.0,0.0];0.43859464347150046
[0.0,0.0,0.0,1.0,0.0];0.5131797312570804
[0.5,0.0,0.0,0.5,0.0];0.7216680454185727
[0.5,0.0,0.5,0.0,0.0];0.6889708983599303
[0.5,0.0,0.16666666666666666,0.16666666666666666,0.16666666666666666];0.7391356220090989
[0.2,0.2,0.2,0.2,0.2];0.742471972222132
[0.5,0.0,0.0,0.0,0.5];0.7530967078551172
[0.0,0.0,0.0,0.0,1.0];0.6548393722703598
