S=[LO,CX,DB,PX,RB];result
[1.0,0.0,0.0,0.0,0.0];0.6381820509000546
[0.0,1.0,0.0,0.0,0.0];0.42545928832762303
[0.0,0.0,1.0,0.0,0.0];0.33159262088405617
[0.0,0.0,0.0,1.0,0.0];0.425667015891836
[0.5,0.0,0.0,0.5,0.0];0.6266289430771559
[0.5,0.0,0.5,0.0,0.0];0.6092078626621387
[0.5,0.0,0.16666666666666666,0.16666666666666666,0.16666666666666666];0.6750895222708664
[0.2,0.2,0.2,0.2,0.2];0.690527944517944
[0.5,0.0,0.0,0.0,0.5];0.682539422280495
[0.0,0.0,0.0,0.0,1.0];0.6375899056721915
