S=[LO,CX,DB,PX,RB];result
[1.0,0.0,0.0,0.0,0.0];0.6388510370043288
[0.0,1.0,0.0,0.0,0.0];0.4449051419496991
[0.0,0.0,1.0,0.0,0.0];0.3785264905532719
[0.0,0.0,0.0,1.0,0.0];0.4337028387054601
[0.5,0.0,0.0,0.5,0.0];0.6535384658940702
[0.5,0.0,0.5,0.0,0.0];0.6418672130965664
[0.5,0.0,0.16666666666666666,0.16666666666666666,0.16666666666666666];0.6887466772647223
[0.2,0.2,0.2,0.2,0.2];0.6650873034662054
[0.5,0.0,0.0,0.0,0.5];0.7064792806331763
[0.0,0.0,0.0,0.0,1.0];0.6525669588333003
