S=[LO,CX,DB,PX,RB];result
[1.0,0.0,0.0,0.0,0.0];0.6718050166646634
[0.0,1.0,0.0,0.0,0.0];0.4966231389646153
[0.0,0.0,1.0,0.0,0.0];0.4516642281612331
[0.0,0.0,0.0,1.0,0.0];0.5002596744181964
[0.5,0.0,0.0,0.5,0.0];0.7060260191981831
[0.5,0.0,0.5,0.0,0.0];0.6790038357863948
[0.5,0.0,0.16666666666666666,0.16666666666666666,0.16666666666666666];0.7533078375536759
[0.2,0.2,0.2,0.2,0.2];0.7143364979653893
[0.5,0.0,0.0,0.0,0.5];0.7140364154814444
[0.0,0.0,0.0,0.0,1.0];0.6757358663048316
