S=[LO,CX,DB,PX,RB];result
[1.0,0.0,0.0,0.0,0.0];0.6582122954333702
[0.0,1.0,0.0,0.0,0.0];0.4655628327214241
[0.0,0.0,1.0,0.0,0.0];0.38054375286871456
[0.0,0.0,0.0,1.0,0.0];0.46406219787706554
[0.5,0.0,0.0,0.5,0.0];0.6476382396611243
[0.5,0.0,0.5,0.0,0.0];0.6364881784405934
[0.5,0.0,0.16666666666666666,0.16666666666666666,0.16666666666666666];0.7126334587386116
[0.2,0.2,0.2,0.2,0.2];0.6981545164664666
[0.5,0.0,0.0,0.0,0.5];0.7051923191618126
[0.0,0.0,0.0,0.0,1.0];0.6514541182541527
