S=[LO,CX,DB,PX,RB];result
[1.0,0.0,0.0,0.0,0.0];0.6535795257188136
[0.0,1.0,0.0,0.0,0.0];0.46548407492074134
[0.0,0.0,1.0,0.0,0.0];0.4036570325116534
[0.0,0.0,0.0,1.0,0.0];0.4735391276884725
[0.5,0.0,0.0,0.5,0.0];0.6594844363205585
[0.5,0.0,0.5,0.0,0.0];0.6609854386875991
[0.5,0.0,0.16666666666666666,0.16666666666666666,0.16666666666666666];0.7084941995958413
[0.2,0.2,0.2,0.2,0.2];0.7323910594089738
[0.5,0.0,0.0,0.0,0.5];0.7196359026774184
[0.0,0.0,0.0,0.0,1.0];0.6818299395471157
