S=[LO,CX,DB,PX,RB];result
[1.0,0.0,0.0,0.0,0.0];0.6926715865107969
[0.0,1.0,0.0,0.0,0.0];0.441445709224045
[0.0,0.0,1.0,0.0,0.0];0.4096395202385084
[0.0,0.0,0.0,1.0,0.0];0.45336878023867755
[0.5,0.0,0.0,0.5,0.0];0.675584483402698
[0.5,0.0,0.5,0.0,0.0];0.6617224120911234
[0.5,0.0,0.16666666666666666,0.16666666666666666,0.16666666666666666];0.7244285359129208
[0.2,0.2,0.2,0.2,0.2];0.699164038158759
[0.5,0.0,0.0,0.0,0.5];0.7069831862781248
[0.0,0.0,0.0,0.0,1.0];0.6506592164895649
