S=[LO,CX,DB,PX,RB];result
[1.0,0.0,0.0,0.0,0.0];0.6851649667216839
[0.0,1.0,0.0,0.0,0.0];0.5105031923797323
[0.0,0.0,1.0,0.0,0.0];0.4662138329523938
[0.0,0.0,0.0,1.0,0.0];0.4934089932545005
[0.5,0.0,0.0,0.5,0.0];0.7058522477445537
[0.5,0.0,0.5,0.0,0.0];0.6906638401674181
[0.5,0.0,0.16666666666666666,0.16666666666666666,0.16666666666666666];0.7360676053781073
[0.2,0.2,0.2,0.2,0.2];0.719984186474889
[0.5,0.0,0.0,0.0,0.5];0.7272603632381569
[0.0,0.0,0.0,0.0,1.0];0.6668870525113524
