S=[LO,CX,DB,PX,RB];result
[1.0,0.0,0.0,0.0,0.0];0.670847620494164
[0.0,1.0,0.0,0.0,0.0];0.4974714214997234
[0.0,0.0,1.0,0.0,0.0];0.4403807430760684
[0.0,0.0,0.0,1.0,0.0];0.49107232790711425
[0.5,0.0,0.0,0.5,0.0];0.66854886007371
[0.5,0.0,0.5,0.0,0.0];0.6708901916309858
[0.5,0.0,0.16666666666666666,0.16666666666666666,0.16666666666666666];0.7175442978981117
[0.2,0.2,0.2,0.2,0.2];0.6985841837769635
[0.5,0.0,0.0,0.0,0.5];0.7219736233580241
[0.0,0.0,0.0,0.0,1.0];0.6573171058737942
