S=[LO,CX,DB,PX,RB];result
[1.0,0.0,0.0,0.0,0.0];0.6819538641894933
[0.0,1.0,0.0,0.0,0.0];0.42760102551337154
[0.0,0.0,1.0,0.0,0.0];0.40502507024081746
[0.0,0.0,0.0,1.0,0.0];0.46813842695963404
[0.5,0.0,0.0,0.5,0.0];0.6604931801054466
[0.5,0.0,0.5,0.0,0.0];0.6295146812264474
[0.5,0.0,0.16666666666666666,0.16666666666666666,0.16666666666666666];0.6984746942810544
[0.2,0.2,0.2,0.2,0.2];0.7113017721467991
[0.5,0.0,0.0,0.0,0.5];0.7161594381106495
[0.0,0.0,0.0,0.0,1.0];0.6454002921625541
