S=[LO,CX,DB,PX,RB];result
[1.0,0.0,0.0,0.0,0.0];0.6556290068085143
[0.0,1.0,0.0,0.0,0.0];0.470093576336669
[0.0,0.0,1.0,0.0,0.0];0.3972307807772393
[0.0,0.0,0.0,1.0,0.0];0.48665583587295036
[0.5,0.0,0.0,0.5,0.0];0.6780924517627209
[0.5,0.0,0.5,0.0,0.0];0.6808460107665473
[0.5,0.0,0.16666666666666666,0.16666666666666666,0.16666666666666666];0.7379337874097611
[0.2,0.2,0.2,0.2,0.2];0.7217734510026954
[0.5,0.0,0.0,0.0,0.5];0.7138558980975346
[0.0,0.0,0.0,0.0,1.0];0.670164598544146
