S=[LO,CX,DB,PX,RB];result
[1.0,0.0,0.0,0.0,0.0];0.6801502055649874
[0.0,1.0,0.0,0.0,0.0];0.46890657593626983
[0.0,0.0,1.0,0.0,0.0];0.36491218772141243
[0.0,0.0,0.0,1.0,0.0];0.4268399088759885
[0.5,0.0,0.0,0.5,0.0];0.6945064136927017
[0.5,0.0,0.5,0.0,0.0];0.6344640566599257
[0.5,0.0,0.16666666666666666,0.16666666666666666,0.16666666666666666];0.7038293052296247
[0.2,0.2,0.2,0.2,0.2];0.7053584200964915
[0.5,0.0,0.0,0.0,0.5];0.7070523715299911
[0.0,0.0,0.0,0.0,1.0];0.6572589400355969
