S=[LO,CX,DB,PX,RB];result
[1.0,0.0,0.0,0.0,0.0];0.6605514616836292
[0.0,1.0,0.0,0.0,0.0];0.48553294702822686
[0.0,0.0,1.0,0.0,0.0];0.4003576703802727
[0.0,0.0,0.0,1.0,0.0];0.46939291450897574
[0.5,0.0,0.0,0.5,0.0];0.6303611270275142
[0.5,0.0,0.5,0.0,0.0];0.6322877155359704
[0.5,0.0,0.16666666666666666,0.16666666666666666,0.16666666666666666];0.6856532469538237
[0.2,0.2,0.2,0.2,0.2];0.6769898113644122
[0.5,0.0,0.0,0.0,0.5];0.6894115621376373
[0.0,0.0,0.0,0.0,1.0];0.5969723432331131
