S=[LO,CX,DB,PX,RB];result
[1.0,0.0,0.0,0.0,0.0];0.6468484174312512
[0.0,1.0,0.0,0.0,0.0];0.43171316441938223
[0.0,0.0,1.0,0.0,0.0];0.3695574163336439
[0.0,0.0,0.0,1.0,0.0];0.46876166787339757
[0.5,0.0,0.0,0.5,0.0];0.6432880640022812
[0.5,0.0,0.5,0.0,0.0];0.6282055417104724
[0.5,0.0,0.16666666666666666,0.16666666666666666,0.16666666666666666];0.6859721495941182
[0.2,0.2,0.2,0.2,0.2];0.681882514308275
[0.5,0.0,0.0,0.0,0.5];0.7181775672792186
[0.0,0.0,0.0,0.0,1.0];0.6376242912301973
