S=[LO,CX,DB,PX,RB];result
[1.0,0.0,0.0,0.0,0.0];0.6101834045242738
[0.0,1.0,0.0,0.0,0.0];0.4418622104762366
[0.0,0.0,1.0,0.0,0.0];0.3883029368726061
[0.0,0.0,0.0,1.0,0.0];0.46486863263772066
[0.5,0.0,0.0,0.5,0.0];0.6341744960759924
[0.5,0.0,0.5,0.0,0.0];0.6143324499951128
[0.5,0.0,0.16666666666666666,0.16666666666666666,0.16666666666666666];0.7045914893611667
[0.2,0.2,0.2,0.2,0.2];0.704790256473127
[0.5,0.0,0.0,0.0,0.5];0.7182197069054019
[0.0,0.0,0.0,0.0,1.0];0.6163960052667316
