S=[LO,CX,DB,PX,RB];result
[1.0,0.0,0.0,0.0,0.0];0.6565859237540016
[0.0,1.0,0.0,0.0,0.0];0.44370661559521113
[0.0,0.0,1.0,0.0,0.0];0.3891027267325839
[0.0,0.0,0.0,1.0,0.0];0.46144833516056183
[0.5,0.0,0.0,0.5,0.0];0.673379264148608
[0.5,0.0,0.5,0.0,0.0];0.6375919846914225
[0.5,0.0,0.16666666666666666,0.16666666666666666,0.16666666666666666];0.7292832842536654
[0.2,0.2,0.2,0.2,0.2];0.7189280120956878
[0.5,0.0,0.0,0.0,0.5];0.7100309308843358
[0.0,0.0,0.0,0.0,1.0];0.6394416309896365
