S=[LO,CX,DB,PX,RB];result
[1.0,0.0,0.0,0.0,0.0];0.6194634287475855
[0.0,1.0,0.0,0.0,0.0];0.44341663932628617
[0.0,0.0,1.0,0.0,0.0];0.38197491240986015
[0.0,0.0,0.0,1.0,0.0];0.476569710376426
[0.5,0.0,0.0,0.5,0.0];0.6643643518046581
[0.5,0.0,0.5,0.0,0.0];0.6311083328525544
[0.5,0.0,0.16666666666666666,0.16666666666666666,0.16666666666666666];0.735153611465802
[0.2,0.2,0.2,0.2,0.2];0.721084495240067
[0.5,0.0,0.0,0.0,0.5];0.7098682962431901
[0.0,0.0,0.0,0.0,1.0];0.6903224137490607
