S=[LO,CX,DB,PX,RB];result
[1.0,0.0,0.0,0.0,0.0];0.6293768371467627
[0.0,1.0,0.0,0.0,0.0];0.4315809803755125
[0.0,0.0,1.0,0.0,0.0];0.3685814312431186
[0.0,0.0,0.0,1.0,0.0];0.4350581292663278
[0.5,0.0,0.0,0.5,0.0];0.605844015075003
[0.5,0.0,0.5,0.0,0.0];0.6153350613102637
[0.5,0.0,0.16666666666666666,0.16666666666666666,0.16666666666666666];0.6965557968405309
[0.2,0.2,0.2,0.2,0.2];0.6847335532062201
[0.5,0.0,0.0,0.0,0.5];0.7104073520862515
[0.0,0.0,0.0,0.0,1.0];0.6285942380058416
