S=[LO,CX,DB,PX,RB];result
[1.0,0.0,0.0,0.0,0.0];0.6143064993643159
[0.0,1.0,0.0,0.0,0.0];0.43468651722787355
[0.0,0.0,1.0,0.0,0.0];0.3455488618581113
[0.0,0.0,0.0,1.0,0.0];0.42425407688667394
[0.5,0.0,0.0,0.5,0.0];0.6367378366934171
[0.5,0.0,0.5,0.0,0.0];0.6214665263536376
[0.5,0.0,0.16666666666666666,0.16666666666666666,0.16666666666666666];0.6841893123915725
[0.2,0.2,0.2,0.2,0.2];0.6942680022559262
[0.5,0.0,0.0,0.0,0.5];0.6802661461975241
[0.0,0.0,0.0,0.0,1.0];0.6486123188302984
