S=[LO,CX,DB,PX,RB];result
[1.0,0.0,0.0,0.0,0.0];0.6272980845188838
[0.0,1.0,0.0,0.0,0.0];0.47110134784656854
[0.0,0.0,1.0,0.0,0.0];0.3813662693684049
[0.0,0.0,0.0,1.0,0.0];0.4838860413569014
[0.5,0.0,0.0,0.5,0.0];0.6490930568898035
[0.5,0.0,0.5,0.0,0.0];0.6754150273193733
[0.5,0.0,0.16666666666666666,0.16666666666666666,0.16666666666666666];0.7285246326697398
[0.2,0.2,0.2,0.2,0.2];0.7185923738068336
[0.5,0.0,0.0,0.0,0.5];0.7169470218375152
[0.0,0.0,0.0,0.0,1.0];0.6244717158840647
