S=[LO,CX,DB,PX,RB];result
[1.0,0.0,0.0,0.0,0.0];0.6651655069656612
[0.0,1.0,0.0,0.0,0.0];0.46159308569600965
[0.0,0.0,1.0,0.0,0.0];0.3709600823165995
[0.0,0.0,0.0,1.0,0.0];0.41888305840622564
[0.5,0.0,0.0,0.5,0.0];0.6447065284271742
[0.5,0.0,0.5,0.0,0.0];0.6475710821543018
[0.5,0.0,0.16666666666666666,0.16666666666666666,0.16666666666666666];0.6600537148853944
[0.2,0.2,0.2,0.2,0.2];0.7086775698454268
[0.5,0.0,0.0,0.0,0.5];0.708626716851906
[0.0,0.0,0.0,0.0,1.0];0.6502133178771794
