S=[LO,CX,DB,PX,RB];result
[1.0,0.0,0.0,0.0,0.0];0.6611032001698334
[0.0,1.0,0.0,0.0,0.0];0.43483395461486996
[0.0,0.0,1.0,0.0,0.0];0.36595081236009064
[0.0,0.0,0.0,1.0,0.0];0.44174407681252503
[0.5,0.0,0.0,0.5,0.0];0.6808345114064236
[0.5,0.0,0.5,0.0,0.0];0.6281474049713027
[0.5,0.0,0.16666666666666666,0.16666666666666666,0.16666666666666666];0.6804639299026658
[0.2,0.2,0.2,0.2,0.2];0.686390507670064
[0.5,0.0,0.0,0.0,0.5];0.703328699663506
[0.0,0.0,0.0,0.0,1.0];0.6335727082508564
