S=[LO,CX,DB,PX,RB];result
[1.0,0.0,0.0,0.0,0.0];0.6651486145500325
[0.0,1.0,0.0,0.0,0.0];0.41245634754843097
[0.0,0.0,1.0,0.0,0.0];0.3678043435951227
[0.0,0.0,0.0,1.0,0.0];0.4283065354994001
[0.5,0.0,0.0,0.5,0.0];0.6513349535894729
[0.5,0.0,0.5,0.0,0.0];0.5990665303509685
[0.5,0.0,0.16666666666666666,0.16666666666666666,0.16666666666666666];0.7073938289957344
[0.2,0.2,0.2,0.2,0.2];0.6887685800131009
[0.5,0.0,0.0,0.0,0.5];0.687264075354783
[0.0,0.0,0.0,0.0,1.0];0.6668973558138642
