S=[LO,CX,DB,PX,RB];result
[1.0,0.0,0.0,0.0,0.0];0.6598695045319087
[0.0,1.0,0.0,0.0,0.0];0.46175963497685824
[0.0,0.0,1.0,0.0,0.0];0.3630477888630391
[0.0,0.0,0.0,1.0,0.0];0.45784492285078143
[0.5,0.0,0.0,0.5,0.0];0.6424922990285435
[0.5,0.0,0.5,0.0,0.0];0.606489926406277
[0.5,0.0,0.16666666666666666,0.16666666666666666,0.16666666666666666];0.6987785677824937
[0.2,0.2,0.2,0.2,0.2];0.6988080477315549
[0.5,0.0,0.0,0.0,0.5];0.7083726469939885
[0.0,0.0,0.0,0.0,1.0];0.6287960698992294
