S=[LO,CX,DB,PX,RB];result
[1.0,0.0,0.0,0.0,0.0];0.6850680838486761
[0.0,1.0,0.0,0.0,0.0];0.4408556155032569
[0.0,0.0,1.0,0.0,0.0];0.37609449122096983
[0.0,0.0,0.0,1.0,0.0];0.4648322484116358
[0.5,0.0,0.0,0.5,0.0];0.6604751325195077
[0.5,0.0,0.5,0.0,0.0];0.6632719589356335
[0.5,0.0,0.16666666666666666,0.16666666666666666,0.16666666666666666];0.6875144453902466
[0.2,0.2,0.2,0.2,0.2];0.6862317064493235
[0.5,0.0,0.0,0.0,0.5];0.7082394584694641
[0.0,0.0,0.0,0.0,1.0];0.6147273388540373
