S=[LO,CX,DB,PX,RB];result
[1.0,0.0,0.0,0.0,0.0];0.698520607802315
[0.0,1.0,0.0,0.0,0.0];0.48896249192117813
[0.0,0.0,1.0,0.0,0.0];0.3950339500696721
[0.0,0.0,0.0,1.0,0.0];0.4970085640405949
[0.5,0.0,0.0,0.5,0.0];0.690305342906556
[0.5,0.0,0.5,0.0,0.0];0.6843129248687674
[0.5,0.0,0.16666666666666666,0.16666666666666666,0.16666666666666666];0.7063137354481218
[0.2,0.2,0.2,0.2,0.2];0.7123555468149997
[0.5,0.0,0.0,0.0,0.5];0.7315897585037316
[0.0,0.0,0.0,0.0,1.0];0.636697814954549
