S=[LO,CX,DB,PX,RB];result
[1.0,0.0,0.0,0.0,0.0];0.6343673566558019
[0.0,1.0,0.0,0.0,0.0];0.45495452930049407
[0.0,0.0,1.0,0.0,0.0];0.36385057659619013
[0.0,0.0,0.0,1.0,0.0];0.46411601594920204
[0.5,0.0,0.0,0.5,0.0];0.6835330927190165
[0.5,0.0,0.5,0.0,0.0];0.6497209425666188
[0.5,0.0,0.16666666666666666,0.16666666666666666,0.16666666666666666];0.716742047718687
[0.2,0.2,0.2,0.2,0.2];0.6839390730695732
[0.5,0.0,0.0,0.0,0.5];0.7008239363302543
[0.0,0.0,0.0,0.0,1.0];0.6295529931571073
