S=[LO,CX,DB,PX,RB];result
[1.0,0.0,0.0,0.0,0.0];0.6223464970717397
[0.0,1.0,0.0,0.0,0.0];0.4355299955325246
[0.0,0.0,1.0,0.0,0.0];0.3708641251122441
[0.0,0.0,0.0,1.0,0.0];0.4308492729193699
[0.5,0.0,0.0,0.5,0.0];0.6283535965514324
[0.5,0.0,0.5,0.0,0.0];0.6231044838999599
[0.5,0.0,0.16666666666666666,0.16666666666666666,0.16666666666666666];0.6824958829033364
[0.2,0.2,0.2,0.2,0.2];0.6533605275541827
[0.5,0.0,0.0,0.0,0.5];0.6700410964526392
[0.0,0.0,0.0,0.0,1.0];0.6360936421777443
