S=[LO,CX,DB,PX,RB];result
[1.0,0.0,0.0,0.0,0.0];0.6639411272261705
[0.0,1.0,0.0,0.0,0.0];0.43743389707465485
[0.0,0.0,1.0,0.0,0.0];0.412711841891375
[0.0,0.0,0.0,1.0,0.0];0.4509809871483713
[0.5,0.0,0.0,0.5,0.0];0.6738797294305682
[0.5,0.0,0.5,0.0,0.0];0.6304969461957772
[0.5,0.0,0.16666666666666666,0.16666666666666666,0.16666666666666666];0.721063579485876
[0.2,0.2,0.2,0.2,0.2];0.7016330493963014
[0.5,0.0,0.0,0.0,0.5];0.7193729017440441
[0.0,0.0,0.0,0.0,1.0];0.6553433202467225
