S=[LO,CX,DB,PX,RB];result
[1.0,0.0,0.0,0.0,0.0];0.6638219635375394
[0.0,1.0,0.0,0.0,0.0];0.46126394079630584
[0.0,0.0,1.0,0.0,0.0];0.3884671385789312
[0.0,0.0,0.0,1.0,0.0];0.45692749600649235
[0.5,0.0,0.0,0.5,0.0];0.6678718596844179
[0.5,0.0,0.5,0.0,0.0];0.6602809429631455
[0.5,0.0,0.16666666666666666,0.16666666666666666,0.16666666666666666];0.7169518415941244
[0.2,0.2,0.2,0.2,0.2];0.7091399403702425
[0.5,0.0,0.0,0.0,0.5];0.7104438796080597
[0.0,0.0,0.0,0.0,1.0];0.6386694025344817
