S=[LO,CX,DB,PX,RB];result
[1.0,0.0,0.0,0.0,0.0];0.6961632065256249
[0.0,1.0,0.0,0.0,0.0];0.4628599963368554
[0.0,0.0,1.0,0.0,0.0];0.4135631813856834
[0.0,0.0,0.0,1.0,0.0];0.49250134017004177
[0.5,0.0,0.0,0.5,0.0];0.662414702756097
[0.5,0.0,0.5,0.0,0.0];0.6714618231468042
[0.5,0.0,0.16666666666666666,0.16666666666666666,0.16666666666666666];0.7004348913276941
[0.2,0.2,0.2,0.2,0.2];0.7151626888982097
[0.5,0.0,0.0,0.0,0.5];0.7385871759975038
[0.0,0.0,0.0,0.0,1.0];0.6363469167464172
