S=[LO,CX,DB,PX,RB];result
[1.0,0.0,0.0,0.0,0.0];0.6932952933960214
[0.0,1.0,0.0,0.0,0.0];0.48567914928768646
[0.0,0.0,1.0,0.0,0.0];0.4087763223090648
[0.0,0.0,0.0,1.0,0.0];0.4817651506548631
[0.5,0.0,0.0,0.5,0.0];0.6914841264284228
[0.5,0.0,0.5,0.0,0.0];0.6587999260110592
[0.5,0.0,0.16666666666666666,0.16666666666666666,0.16666666666666666];0.7104710170370548
[0.2,0.2,0.2,0.2,0.2];0.7131136914971377
[0.5,0.0,0.0,0.0,0.5];0.7180837073810016
[0.0,0.0,0.0,0.0,1.0];0.5921996358736683
