S=[LO,CX,DB,PX,RB];result
[1.0,0.0,0.0,0.0,0.0];0.6250470611269334
[0.0,1.0,0.0,0.0,0.0];0.4525804261725711
[0.0,0.0,1.0,0.0,0.0];0.38111377370811755
[0.0,0.0,0.0,1.0,0.0];0.44304038439433163
[0.5,0.0,0.0,0.5,0.0];0.6502958973474249
[0.5,0.0,0.5,0.0,0.0];0.6431996920601591
[0.5,0.0,0.16666666666666666,0.16666666666666666,0.16666666666666666];0.710746808375641
[0.2,0.2,0.2,0.2,0.2];0.7057923400336568
[0.5,0.0,0.0,0.0,0.5];0.6878975481815864
[0.0,0.0,0.0,0.0,1.0];0.6282494556028024
