S=[LO,CX,DB,PX,RB];result
[1.0,0.0,0.0,0.0,0.0];0.6145814126931408
[0.0,1.0,0.0,0.0,0.0];0.4480194094089628
[0.0,0.0,1.0,0.0,0.0];0.38500391434212256
[0.0,0.0,0.0,1.0,0.0];0.45719357264496097
[0.5,0.0,0.0,0.5,0.0];0.6630878697252067
[0.5,0.0,0.5,0.0,0.0];0.6175263512170475
[0.5,0.0,0.16666666666666666,0.16666666666666666,0.16666666666666666];0.6980964884579473
[0.2,0.2,0.2,0.2,0.2];0.6879008144487819
[0.5,0.0,0.0,0.0,0.5];0.687286312999078
[0.0,0.0,0.0,0.0,1.0];0.5794412180818496
