S=[LO,CX,DB,PX,RB];result
[1.0,0.0,0.0,0.0,0.0];0.6819934622052317
[0.0,1.0,0.0,0.0,0.0];0.48211475905295087
[0.0,0.0,1.0,0.0,0.0];0.4088888137461655
[0.0,0.0,0.0,1.0,0.0];0.4708864394959137
[0.5,0.0,0.0,0.5,0.0];0.6693717242511986
[0.5,0.0,0.5,0.0,0.0];0.6702276899919635
[0.5,0.0,0.16666666666666666,0.16666666666666666,0.16666666666666666];0.7130155883462521
[0.2,0.2,0.2,0.2,0.2];0.7083576969007219
[0.5,0.0,0.0,0.0,0.5];0.7271903727806592
[0.0,0.0,0.0,0.0,1.0];0.6658513999938125
