S=[LO,CX,DB,PX,RB];result
[1.0,0.0,0.0,0.0,0.0];0.674105429188505
[0.0,1.0,0.0,0.0,0.0];0.4959009621282512
[0.0,0.0,1.0,0.0,0.0];0.4104230631035601
[0.0,0.0,0.0,1.0,0.0];0.5127638067462853
[0.5,0.0,0.0,0.5,0.0];0.673513288138829
[0.5,0.0,0.5,0.0,0.0];0.6570671514079163
[0.5,0.0,0.16666666666666666,0.16666666666666666,0.16666666666666666];0.7168291609616633
[0.2,0.2,0.2,0.2,0.2];0.7329549114948153
[0.5,0.0,0.0,0.0,0.5];0.702656481759857
[0.0,0.0,0.0,0.0,1.0];0.6085476957801255
