S=[LO,CX,DB,PX,RB];result
[1.0,0.0,0.0,0.0,0.0];0.6192411495682696
[0.0,1.0,0.0,0.0,0.0];0.3993561106278018
[0.0,0.0,1.0,0.0,0.0];0.3680867025179701
[0.0,0.0,0.0,1.0,0.0];0.44135660434929325
[0.5,0.0,0.0,0.5,0.0];0.6342423052267947
[0.5,0.0,0.5,0.0,0.0];0.6387176344443649
[0.5,0.0,0.16666666666666666,0.16666666666666666,0.16666666666666666];0.6812314324964432
[0.2,0.2,0.2,0.2,0.2];0.6808720673752298
[0.5,0.0,0.0,0.0,0.5];0.7144819102460529
[0.0,0.0,0.0,0.0,1.0];0.6239212445405642
