S=[LO,CX,DB,PX,RB];result
[1.0,0.0,0.0,0.0,0.0];0.6388893845575978
[0.0,1.0,0.0,0.0,0.0];0.43579571974305903
[0.0,0.0,1.0,0.0,0.0];0.36511067144507986
[0.0,0.0,0.0,1.0,0.0];0.44136237871443607
[0.5,0.0,0.0,0.5,0.0];0.6842182597473099
[0.5,0.0,0.5,0.0,0.0];0.6262305921028158
[0.5,0.0,0.16666666666666666,0.16666666666666666,0.16666666666666666];0.7126453374955066
[0.2,0.2,0.2,0.2,0.2];0.7155797329069794
[0.5,0.0,0.0,0.0,0.5];0.708583419358877
[0.0,0.0,0.0,0.0,1.0];0.606325350967079
