S=[LO,CX,DB,PX,RB];result
[1.0,0.0,0.0,0.0,0.0];0.6663615976178465
[0.0,1.0,0.0,0.0,0.0];0.4825197247730828
[0.0,0.0,1.0,0.0,0.0];0.3915422687135591
[0.0,0.0,0.0,1.0,0.0];0.4687373723444547
[0.5,0.0,0.0,0.5,0.0];0.6619420452725255
[0.5,0.0,0.5,0.0,0.0];0.6618295228479839
[0.5,0.0,0.16666666666666666,0.16666666666666666,0.16666666666666666];0.7170781491620632
[0.2,0.2,0.2,0.2,0.2];0.7192783846617962
[0.5,0.0,0.0,0.0,0.5];0.7169272525515433
[0.0,0.0,0.0,0.0,1.0];0.640820491831227
