S=[LO,CX,DB,PX,RB];result
[1.0,0.0,0.0,0.0,0.0];0.6815480117913115
[0.0,1.0,0.0,0.0,0.0];0.4798823550633221
[0.0,0.0,1.0,0.0,0.0];0.4173839885202181
[0.0,0.0,0.0,1.0,0.0];0.4977305006787067
[0.5,0.0,0.0,0.5,0.0];0.690900823571273
[0.5,0.0,0.5,0.0,0.0];0.6452326771979437
[0.5,0.0,0.16666666666666666,0.16666666666666666,0.16666666666666666];0.709565646700492
[0.2,0.2,0.2,0.2,0.2];0.7093401128716093
[0.5,0.0,0.0,0.0,0.5];0.7181530675322912
[0.0,0.0,0.0,0.0,1.0];0.6398910567106169
