S=[LO,CX,DB,PX,RB];result
[1.0,0.0,0.0,0.0,0.0];0.6447743972549997
[0.0,1.0,0.0,0.0,0.0];0.44934085651075417
[0.0,0.0,1.0,0.0,0.0];0.4032310081261211
[0.0,0.0,0.0,1.0,0.0];0.46278506080589454
[0.5,0.0,0.0,0.5,0.0];0.6752467973244436
[0.5,0.0,0.5,0.0,0.0];0.6324879547932689
[0.5,0.0,0.16666666666666666,0.16666666666666666,0.16666666666666666];0.6827678449009711
[0.2,0.2,0.2,0.2,0.2];0.702564720517826
[0.5,0.0,0.0,0.0,0.5];0.7149374122722336
[0.0,0.0,0.0,0.0,1.0];0.5585977014975696
