S=[LO,CX,DB,PX,RB];result
[1.0,0.0,0.0,0.0,0.0];0.6550278702639852
[0.0,1.0,0.0,0.0,0.0];0.45375351221007426
[0.0,0.0,1.0,0.0,0.0];0.40960544548845623
[0.0,0.0,0.0,1.0,0.0];0.4727111223320406
[0.5,0.0,0.0,0.5,0.0];0.6471660918745443
[0.5,0.0,0.5,0.0,0.0];0.6647928011425659
[0.5,0.0,0.16666666666666666,0.16666666666666666,0.16666666666666666];0.6838100547697524
[0.2,0.2,0.2,0.2,0.2];0.6970821320302231
[0.5,0.0,0.0,0.0,0.5];0.6821237128817963
[0.0,0.0,0.0,0.0,1.0];0.6381386902461406
