S=[LO,CX,DB,PX,RB];result
[1.0,0.0,0.0,0.0,0.0];0.6447848873685296
[0.0,1.0,0.0,0.0,0.0];0.47078382916505057
[0.0,0.0,1.0,0.0,0.0];0.4132938778333157
[0.0,0.0,0.0,1.0,0.0];0.49118805947094774
[0.5,0.0,0.0,0.5,0.0];0.6856516379260346
[0.5,0.0,0.5,0.0,0.0];0.6475236799309707
[0.5,0.0,0.16666666666666666,0.16666666666666666,0.16666666666666666];0.7296771504246997
[0.2,0.2,0.2,0.2,0.2];0.7170517718051086
[0.5,0.0,0.0,0.0,0.5];0.7283778363443698
[0.0,0.0,0.0,0.0,1.0];0.6066125687504541
