S=[LO,CX,DB,PX,RB];result
[1.0,0.0,0.0,0.0,0.0];0.6623865885173312
[0.0,1.0,0.0,0.0,0.0];0.38826793527978287
[0.0,0.0,1.0,0.0,0.0];0.34073044515893336
[0.0,0.0,0.0,1.0,0.0];0.41357135481176066
[0.5,0.0,0.0,0.5,0.0];0.6517640886308121
[0.5,0.0,0.5,0.0,0.0];0.6265517838172319
[0.5,0.0,0.16666666666666666,0.16666666666666666,0.16666666666666666];0.6894441609190616
[0.2,0.2,0.2,0.2,0.2];0.676006041153427
[0.5,0.0,0.0,0.0,0.5];0.7106534971454557
[0.0,0.0,0.0,0.0,1.0];0.5775488179447532
