S=[LO,CX,DB,PX,RB];result
[1.0,0.0,0.0,0.0,0.0];0.6406483359284025
[0.0,1.0,0.0,0.0,0.0];0.45421962413592165
[0.0,0.0,1.0,0.0,0.0];0.36831212214030373
[0.0,0.0,0.0,1.0,0.0];0.4784730224188578
[0.5,0.0,0.0,0.5,0.0];0.6262511638827486
[0.5,0.0,0.5,0.0,0.0];0.6239002182036011
[0.5,0.0,0.16666666666666666,0.16666666666666666,0.16666666666666666];0.6986897466412489
[0.2,0.2,0.2,0.2,0.2];0.7174784002501273
[0.5,0.0,0.0,0.0,0.5];0.7303303766061235
[0.0,0.0,0.0,0.0,1.0];0.6473671921327215
