S=[LO,CX,DB,PX,RB];result
[1.0,0.0,0.0,0.0,0.0];0.6204290025855954
[0.0,1.0,0.0,0.0,0.0];0.4117811320588598
[0.0,0.0,1.0,0.0,0.0];0.34971376214151784
[0.0,0.0,0.0,1.0,0.0];0.4028928986130392
[0.5,0.0,0.0,0.5,0.0];0.660256100851748
[0.5,0.0,0.5,0.0,0.0];0.6181360760725865
[0.5,0.0,0.16666666666666666,0.16666666666666666,0.16666666666666666];0.6704542991667903
[0.2,0.2,0.2,0.2,0.2];0.6835125368535995
[0.5,0.0,0.0,0.0,0.5];0.7089530816929336
[0.0,0.0,0.0,0.0,1.0];0.6353644440157682
