S=[LO,CX,DB,PX,RB];result
[1.0,0.0,0.0,0.0,0.0];0.6493270707025449
[0.0,1.0,0.0,0.0,0.0];0.4789003943384155
[0.0,0.0,1.0,0.0,0.0];0.3987236827921554
[0.0,0.0,0.0,1.0,0.0];0.48985343378024987
[0.5,0.0,0.0,0.5,0.0];0.6566260081477854
[0.5,0.0,0.5,0.0,0.0];0.6615445011615291
[0.5,0.0,0.16666666666666666,0.16666666666666666,0.16666666666666666];0.7205059246701471
[0.2,0.2,0.2,0.2,0.2];0.7129932822673661
[0.5,0.0,0.0,0.0,0.5];0.7234471923252286
[0.0,0.0,0.0,0.0,1.0];0.6795025300787139
