S=[LO,CX,DB,PX,RB];result
[1.0,0.0,0.0,0.0,0.0];0.6657680087832907
[0.0,1.0,0.0,0.0,0.0];0.4471923338448241
[0.0,0.0,1.0,0.0,0.0];0.3729116903796872
[0.0,0.0,0.0,1.0,0.0];0.47761606026789516
[0.5,0.0,0.0,0.5,0.0];0.6724401156520797
[0.5,0.0,0.5,0.0,0.0];0.6011491877505957
[0.5,0.0,0.16666666666666666,0.16666666666666666,0.16666666666666666];0.7122459158654351
[0.2,0.2,0.2,0.2,0.2];0.7005526229787299
[0.5,0.0,0.0,0.0,0.5];0.7159742432727025
[0.0,0.0,0.0,0.0,1.0];0.6294093141055578
