S=[LO,CX,DB,PX,RB];result
[1.0,0.0,0.0,0.0,0.0];0.661496423548511
[0.0,1.0,0.0,0.0,0.0];0.45467000247234235
[0.0,0.0,1.0,0.0,0.0];0.3887026413499744
[0.0,0.0,0.0,1.0,0.0];0.45980204195068264
[0.5,0.0,0.0,0.5,0.0];0.641490198799946
[0.5,0.0,0.5,0.0,0.0];0.6288592114890816
[0.5,0.0,0.16666666666666666,0.16666666666666666,0.16666666666666666];0.708859722216552
[0.2,0.2,0.2,0.2,0.2];0.7007670914791102
[0.5,0.0,0.0,0.0,0.5];0.7101908820921727
[0.0,0.0,0.0,0.0,1.0];0.5912946817479006
