S=[LO,CX,DB,PX,RB];result
[1.0,0.0,0.0,0.0,0.0];0.6929167250376405
[0.0,1.0,0.0,0.0,0.0];0.457876143061542
[0.0,0.0,1.0,0.0,0.0];0.39855067399125793
[0.0,0.0,0.0,1.0,0.0];0.4823149323371205
[0.5,0.0,0.0,0.5,0.0];0.7058352356238127
[0.5,0.0,0.5,0.0,0.0];0.6992570525559845
[0.5,0.0,0.16666666666666666,0.16666666666666666,0.16666666666666666];0.7014386745201867
[0.2,0.2,0.2,0.2,0.2];0.7364071090422042
[0.5,0.0,0.0,0.0,0.5];0.7162654708530386
[0.0,0.0,0.0,0.0,1.0];0.6046521189943377
