S=[LO,CX,DB,PX,RB];result
[1.0,0.0,0.0,0.0,0.0];0.6399949619227103
[0.0,1.0,0.0,0.0,0.0];0.48154662148966854
[0.0,0.0,1.0,0.0,0.0];0.4289125239933416
[0.0,0.0,0.0,1.0,0.0];0.46779134562688374
[0.5,0.0,0.0,0.5,0.0];0.6634997599770556
[0.5,0.0,0.5,0.0,0.0];0.6671163459737611
[0.5,0.0,0.16666666666666666,0.16666666666666666,0.16666666666666666];0.7321794418003466
[0.2,0.2,0.2,0.2,0.2];0.7322135637891363
[0.5,0.0,0.0,0.0,0.5];0.730010613227008
[0.0,0.0,0.0,0.0,1.0];0.7024439745002535
