S=[LO,CX,DB,PX,RB];result
[1.0,0.0,0.0,0.0,0.0];0.6733679781069416
[0.0,1.0,0.0,0.0,0.0];0.5039563318096751
[0.0,0.0,1.0,0.0,0.0];0.38671749183005844
[0.0,0.0,0.0,1.0,0.0];0.4832926092920283
[0.5,0.0,0.0,0.5,0.0];0.6918252708433665
[0.5,0.0,0.5,0.0,0.0];0.6606951715632959
[0.5,0.0,0.16666666666666666,0.16666666666666666,0.16666666666666666];0.7200070924832298
[0.2,0.2,0.2,0.2,0.2];0.7133675064506831
[0.5,0.0,0.0,0.0,0.5];0.720522492707123
[0.0,0.0,0.0,0.0,1.0];0.6182184945474759
