S=[LO,CX,DB,PX,RB];result
[1.0,0.0,0.0,0.0,0.0];0.6695001444729267
[0.0,1.0,0.0,0.0,0.0];0.4882443129058342
[0.0,0.0,1.0,0.0,0.0];0.3911781541725434
[0.0,0.0,0.0,1.0,0.0];0.498453078898917
[0.5,0.0,0.0,0.5,0.0];0.6816373449273982
[0.5,0.0,0.5,0.0,0.0];0.6262443076854134
[0.5,0.0,0.16666666666666666,0.16666666666666666,0.16666666666666666];0.6977276372262475
[0.2,0.2,0.2,0.2,0.2];0.6933928404333343
[0.5,0.0,0.0,0.0,0.5];0.7099145077926081
[0.0,0.0,0.0,0.0,1.0];0.6965713604776984
