S=[LO,CX,DB,PX,RB];result
[1.0,0.0,0.0,0.0,0.0];0.6314572059480451
[0.0,1.0,0.0,0.0,0.0];0.48175540978734344
[0.0,0.0,1.0,0.0,0.0];0.36722777813542734
[0.0,0.0,0.0,1.0,0.0];0.476451467020175
[0.5,0.0,0.0,0.5,0.0];0.6525146566482181
[0.5,0.0,0.5,0.0,0.0];0.6295656678573585
[0.5,0.0,0.16666666666666666,0.16666666666666666,0.16666666666666666];0.7286790108969675
[0.2,0.2,0.2,0.2,0.2];0.7037564142394371
[0.5,0.0,0.0,0.0,0.5];0.7179147287996696
[0.0,0.0,0.0,0.0,1.0];0.5869022687260047
