S=[LO,CX,DB,PX,RB];result
[1.0,0.0,0.0,0.0,0.0];0.6229732192461366
[0.0,1.0,0.0,0.0,0.0];0.46348282473794933
[0.0,0.0,1.0,0.0,0.0];0.37507404304541214
[0.0,0.0,0.0,1.0,0.0];0.4789505421038289
[0.5,0.0,0.0,0.5,0.0];0.6728913282763486
[0.5,0.0,0.5,0.0,0.0];0.6339681687042495
[0.5,0.0,0.16666666666666666,0.16666666666666666,0.16666666666666666];0.7286112419407125
[0.2,0.2,0.2,0.2,0.2];0.6982400982066577
[0.5,0.0,0.0,0.0,0.5];0.7189469594255171
[0.0,0.0,0.0,0.0,1.0];0.630084447561248
