S=[LO,CX,DB,PX,RB];result
[1.0,0.0,0.0,0.0,0.0];0.6921018028842219
[0.0,1.0,0.0,0.0,0.0];0.4350039534818082
[0.0,0.0,1.0,0.0,0.0];0.3902914536469443
[0.0,0.0,0.0,1.0,0.0];0.4409947418339601
[0.5,0.0,0.0,0.5,0.0];0.6398896419212345
[0.5,0.0,0.5,0.0,0.0];0.6681305869390486
[0.5,0.0,0.16666666666666666,0.16666666666666666,0.16666666666666666];0.6924368769670521
[0.2,0.2,0.2,0.2,0.2];0.689236860138739
[0.5,0.0,0.0,0.0,0.5];0.6989897042017379
[0.0,0.0,0.0,0.0,1.0];0.5729535546072757
