S=[LO,CX,DB,PX,RB];result
[1.0,0.0,0.0,0.0,0.0];0.694048141702575
[0.0,1.0,0.0,0.0,0.0];0.46354047712435953
[0.0,0.0,1.0,0.0,0.0];0.41557217278691005
[0.0,0.0,0.0,1.0,0.0];0.48174248735453074
[0.5,0.0,0.0,0.5,0.0];0.664210995136994
[0.5,0.0,0.5,0.0,0.0];0.6524616448620101
[0.5,0.0,0.16666666666666666,0.16666666666666666,0.16666666666666666];0.6991967241050345
[0.2,0.2,0.2,0.2,0.2];0.6981286141374535
[0.5,0.0,0.0,0.0,0.5];0.7069020480568015
[0.0,0.0,0.0,0.0,1.0];0.5891088599289405
