S=[LO,CX,DB,PX,RB];result
[1.0,0.0,0.0,0.0,0.0];0.6951087028870335
[0.0,1.0,0.0,0.0,0.0];0.4279460858828352
[0.0,0.0,1.0,0.0,0.0];0.3811289528997525
[0.0,0.0,0.0,1.0,0.0];0.46297409691660446
[0.5,0.0,0.0,0.5,0.0];0.6643768288774772
[0.5,0.0,0.5,0.0,0.0];0.651845266290355
[0.5,0.0,0.16666666666666666,0.16666666666666666,0.16666666666666666];0.7026623382156953
[0.2,0.2,0.2,0.2,0.2];0.6878136580899481
[0.5,0.0,0.0,0.0,0.5];0.7024409403346814
[0.0,0.0,0.0,0.0,1.0];0.6534035347241749
