S=[LO,CX,DB,PX,RB];result
[1.0,0.0,0.0,0.0,0.0];0.6177192793407389
[0.0,1.0,0.0,0.0,0.0];0.46365564436592854
[0.0,0.0,1.0,0.0,0.0];0.37088264298822016
[0.0,0.0,0.0,1.0,0.0];0.4360740614842745
[0.5,0.0,0.0,0.5,0.0];0.6834638558787263
[0.5,0.0,0.5,0.0,0.0];0.6470302115976816
[0.5,0.0,0.16666666666666666,0.16666666666666666,0.16666666666666666];0.7105563070211127
[0.2,0.2,0.2,0.2,0.2];0.6808387797036328
[0.5,0.0,0.0,0.0,0.5];0.7123617755231189
[0.0,0.0,0.0,0.0,1.0];0.6483696820647129
