S=[LO,CX,DB,PX,RB];result
[1.0,0.0,0.0,0.0,0.0];0.6959180659746348
[0.0,1.0,0.0,0.0,0.0];0.48283395460194245
[0.0,0.0,1.0,0.0,0.0];0.3818187481709302
[0.0,0.0,0.0,1.0,0.0];0.48147935692126076
[0.5,0.0,0.0,0.5,0.0];0.6805747366594341
[0.5,0.0,0.5,0.0,0.0];0.6625038111753769
[0.5,0.0,0.16666666666666666,0.16666666666666666,0.16666666666666666];0.70938643861157
[0.2,0.2,0.2,0.2,0.2];0.7191240817364348
[0.5,0.0,0.0,0.0,0.5];0.7242460887655822
[0.0,0.0,0.0,0.0,1.0];0.6470535661238397
