S=[LO,CX,DB,PX,RB];result
[1.0,0.0,0.0,0.0,0.0];0.6311876708795081
[0.0,1.0,0.0,0.0,0.0];0.45290941622518066
[0.0,0.0,1.0,0.0,0.0];0.3479292140822887
[0.0,0.0,0.0,1.0,0.0];0.4547048001119536
[0.5,0.0,0.0,0.5,0.0];0.6969699892229396
[0.5,0.0,0.5,0.0,0.0];0.6444564234006755
[0.5,0.0,0.16666666666666666,0.16666666666666666,0.16666666666666666];0.6996830147981249
[0.2,0.2,0.2,0.2,0.2];0.6843600666860283
[0.5,0.0,0.0,0.0,0.5];0.7077634740883461
[0.0,0.0,0.0,0.0,1.0];0.6229159877366476
