S=[LO,CX,DB,PX,RB];result
[1.0,0.0,0.0,0.0,0.0];0.6524905081749344
[0.0,1.0,0.0,0.0,0.0];0.44891720021430104
[0.0,0.0,1.0,0.0,0.0];0.380471625961022
[0.0,0.0,0.0,1.0,0.0];0.4565136322697535
[0.5,0.0,0.0,0.5,0.0];0.6657840705274449
[0.5,0.0,0.5,0.0,0.0];0.6081989338752538
[0.5,0.0,0.16666666666666666,0.16666666666666666,0.16666666666666666];0.7045666531679747
[0.2,0.2,0.2,0.2,0.2];0.6893976342766022
[0.5,0.0,0.0,0.0,0.5];0.6942306368618889
[0.0,0.0,0.0,0.0,1.0];0.6643507619371847
