S=[LO,CX,DB,PX,RB];result
[1.0,0.0,0.0,0.0,0.0];0.666159130463392
[0.0,1.0,0.0,0.0,0.0];0.4772274121604433
[0.0,0.0,1.0,0.0,0.0];0.38395484261036117
[0.0,0.0,0.0,1.0,0.0];0.472093190434082
[0.5,0.0,0.0,0.5,0.0];0.6773329604334248
[0.5,0.0,0.5,0.0,0.0];0.6409762906665265
[0.5,0.0,0.16666666666666666,0.16666666666666666,0.16666666666666666];0.7171551222630179
[0.2,0.2,0.2,0.2,0.2];0.6944153059390556
[0.5,0.0,0.0,0.0,0.5];0.6901536021704509
[0.0,0.0,0.0,0.0,1.0];0.6768417677742706
