S=[LO,CX,DB,PX,RB];result
[1.0,0.0,0.0,0.0,0.0];0.6512209280017504
[0.0,1.0,0.0,0.0,0.0];0.43260422729491443
[0.0,0.0,1.0,0.0,0.0];0.36337515714381063
[0.0,0.0,0.0,1.0,0.0];0.4586406899872364
[0.5,0.0,0.0,0.5,0.0];0.6722094905815752
[0.5,0.0,0.5,0.0,0.0];0.6266398963751463
[0.5,0.0,0.16666666666666666,0.16666666666666666,0.16666666666666666];0.6999784801234743
[0.2,0.2,0.2,0.2,0.2];0.682377869116967
[0.5,0.0,0.0,0.0,0.5];0.6913407225355843
[0.0,0.0,0.0,0.0,1.0];0.6771212862276202
