S=[LO,CX,DB,PX,RB];result
[1.0,0.0,0.0,0.0,0.0];0.6520039477714239
[0.0,1.0,0.0,0.0,0.0];0.4475370317892423
[0.0,0.0,1.0,0.0,0.0];0.4033582026024924
[0.0,0.0,0.0,1.0,0.0];0.42854890551857905
[0.5,0.0,0.0,0.5,0.0];0.6786641556477897
[0.5,0.0,0.5,0.0,0.0];0.6317072799924621
[0.5,0.0,0.16666666666666666,0.16666666666666666,0.16666666666666666];0.7225699120928342
[0.2,0.2,0.2,0.2,0.2];0.6952366545954693
[0.5,0.0,0.0,0.0,0.5];0.7036714367736914
[0.0,0.0,0.0,0.0,1.0];0.6143734669775819
