S=[LO,CX,DB,PX,RB];result
[1.0,0.0,0.0,0.0,0.0];0.7014452877467303
[0.0,1.0,0.0,0.0,0.0];0.4558453284586158
[0.0,0.0,1.0,0.0,0.0];0.3882347460772895
[0.0,0.0,0.0,1.0,0.0];0.5044262329328166
[0.5,0.0,0.0,0.5,0.0];0.6871008537327867
[0.5,0.0,0.5,0.0,0.0];0.615376229489292
[0.5,0.0,0.16666666666666666,0.16666666666666666,0.16666666666666666];0.7171962643296446
[0.2,0.2,0.2,0.2,0.2];0.748574867763943
[0.5,0.0,0.0,0.0,0.5];0.7111268018759173
[0.0,0.0,0.0,0.0,1.0];0.6263287072850905
