S=[LO,CX,DB,PX,RB];result
[1.0,0.0,0.0,0.0,0.0];0.6613655702721191
[0.0,1.0,0.0,0.0,0.0];0.4736301760879365
[0.0,0.0,1.0,0.0,0.0];0.3939322453729016
[0.0,0.0,0.0,1.0,0.0];0.4917918666495066
[0.5,0.0,0.0,0.5,0.0];0.6714252141263699
[0.5,0.0,0.5,0.0,0.0];0.6716563589093671
[0.5,0.0,0.16666666666666666,0.16666666666666666,0.16666666666666666];0.7122985107946636
[0.2,0.2,0.2,0.2,0.2];0.7179184647013999
[0.5,0.0,0.0,0.0,0.5];0.6893939609335338
[0.0,0.0,0.0,0.0,1.0];0.6568500565612369
