S=[LO,CX,DB,PX,RB];result
[1.0,0.0,0.0,0.0,0.0];0.6187134148116746
[0.0,1.0,0.0,0.0,0.0];0.4237824892606403
[0.0,0.0,1.0,0.0,0.0];0.36288215888591846
[0.0,0.0,0.0,1.0,0.0];0.41885811563556424
[0.5,0.0,0.0,0.5,0.0];0.6502641502486814
[0.5,0.0,0.5,0.0,0.0];0.6662672410179529
[0.5,0.0,0.16666666666666666,0.16666666666666666,0.16666666666666666];0.6973456562303588
[0.2,0.2,0.2,0.2,0.2];0.6776583762372387
[0.5,0.0,0.0,0.0,0.5];0.7058783467246897
[0.0,0.0,0.0,0.0,1.0];0.5946493616282031
