S=[LO,CX,DB,PX,RB];result
[1.0,0.0,0.0,0.0,0.0];0.6628810761111905
[0.0,1.0,0.0,0.0,0.0];0.422269239469844
[0.0,0.0,1.0,0.0,0.0];0.34407842803690536
[0.0,0.0,0.0,1.0,0.0];0.47755015917213833
[0.5,0.0,0.0,0.5,0.0];0.6703359748348041
[0.5,0.0,0.5,0.0,0.0];0.6503890743357551
[0.5,0.0,0.16666666666666666,0.16666666666666666,0.16666666666666666];0.6984234190900345
[0.2,0.2,0.2,0.2,0.2];0.7038442768634966
[0.5,0.0,0.0,0.0,0.5];0.7036999332406302
[0.0,0.0,0.0,0.0,1.0];0.6090333543438882
