S=[LO,CX,DB,PX,RB];result
[1.0,0.0,0.0,0.0,0.0];0.6594637956492584
[0.0,1.0,0.0,0.0,0.0];0.441147560442588
[0.0,0.0,1.0,0.0,0.0];0.36451644809940553
[0.0,0.0,0.0,1.0,0.0];0.428039157818613
[0.5,0.0,0.0,0.5,0.0];0.6810257305555318
[0.5,0.0,0.5,0.0,0.0];0.6636625354013115
[0.5,0.0,0.16666666666666666,0.16666666666666666,0.16666666666666666];0.705870857887824
[0.2,0.2,0.2,0.2,0.2];0.6774389345540937
[0.5,0.0,0.0,0.0,0.5];0.718645589747873
[0.0,0.0,0.0,0.0,1.0];0.5885507213081876
