S=[LO,CX,DB,PX,RB];result
[1.0,0.0,0.0,0.0,0.0];0.6714587630617944
[0.0,1.0,0.0,0.0,0.0];0.4458880093105082
[0.0,0.0,1.0,0.0,0.0];0.39019273433313156
[0.0,0.0,0.0,1.0,0.0];0.47203705680923347
[0.5,0.0,0.0,0.5,0.0];0.6883978258587788
[0.5,0.0,0.5,0.0,0.0];0.619354694581632
[0.5,0.0,0.16666666666666666,0.16666666666666666,0.16666666666666666];0.7074919431209188
[0.2,0.2,0.2,0.2,0.2];0.702554387734419
[0.5,0.0,0.0,0.0,0.5];0.7237902438461075
[0.0,0.0,0.0,0.0,1.0];0.669421329144041
