S=[LO,CX,DB,PX,RB];result
[1.0,0.0,0.0,0.0,0.0];0.6703155834920416
[0.0,1.0,0.0,0.0,0.0];0.44953704153450347
[0.0,0.0,1.0,0.0,0.0];0.3932839584722657
[0.0,0.0,0.0,1.0,0.0];0.4860725692140116
[0.5,0.0,0.0,0.5,0.0];0.6588114067399162
[0.5,0.0,0.5,0.0,0.0];0.6504661275188117
[0.5,0.0,0.16666666666666666,0.16666666666666666,0.16666666666666666];0.712283616967045
[0.2,0.2,0.2,0.2,0.2];0.7059862241155979
[0.5,0.0,0.0,0.0,0.5];0.7045426052362064
[0.0,0.0,0.0,0.0,1.0];0.5891507961515858
