S=[LO,CX,DB,PX,RB];result
[1.0,0.0,0.0,0.0,0.0];0.6656835149156812
[0.0,1.0,0.0,0.0,0.0];0.4570466586306495
[0.0,0.0,1.0,0.0,0.0];0.4029491072882689
[0.0,0.0,0.0,1.0,0.0];0.4895479756692112
[0.5,0.0,0.0,0.5,0.0];0.6865723561329566
[0.5,0.0,0.5,0.0,0.0];0.678739428464975
[0.5,0.0,0.16666666666666666,0.16666666666666666,0.16666666666666666];0.7200401357108577
[0.2,0.2,0.2,0.2,0.2];0.7166212200834077
[0.5,0.0,0.0,0.0,0.5];0.7219356695391892
[0.0,0.0,0.0,0.0,1.0];0.6121829054775711
