S=[LO,CX,DB,PX,RB];result
[1.0,0.0,0.0,0.0,0.0];0.6735975190514962
[0.0,1.0,0.0,0.0,0.0];0.45718454863524904
[0.0,0.0,1.0,0.0,0.0];0.3803389947606305
[0.0,0.0,0.0,1.0,0.0];0.46891360979401436
[0.5,0.0,0.0,0.5,0.0];0.6822762087804737
[0.5,0.0,0.5,0.0,0.0];0.633825175043004
[0.5,0.0,0.16666666666666666,0.16666666666666666,0.16666666666666666];0.7173549396851417
[0.2,0.2,0.2,0.2,0.2];0.696465805695752
[0.5,0.0,0.0,0.0,0.5];0.6927563364493778
[0.0,0.0,0.0,0.0,1.0];0.6617814101619118
