S=[LO,CX,DB,PX,RB];result
[1.0,0.0,0.0,0.0,0.0];0.7042782862175092
[0.0,1.0,0.0,0.0,0.0];0.474615960920164
[0.0,0.0,1.0,0.0,0.0];0.4177706149065318
[0.0,0.0,0.0,1.0,0.0];0.48077958607603727
[0.5,0.0,0.0,0.5,0.0];0.6905102491981147
[0.5,0.0,0.5,0.0,0.0];0.6662115626907801
[0.5,0.0,0.16666666666666666,0.16666666666666666,0.16666666666666666];0.7014809300592438
[0.2,0.2,0.2,0.2,0.2];0.720547599575406
[0.5,0.0,0.0,0.0,0.5];0.7181622771417271
[0.0,0.0,0.0,0.0,1.0];0.6627337983515591
