S=[LO,CX,DB,PX,RB];result
[1.0,0.0,0.0,0.0,0.0];0.6581199762675303
[0.0,1.0,0.0,0.0,0.0];0.4495053734296919
[0.0,0.0,1.0,0.0,0.0];0.382260678785891
[0.0,0.0,0.0,1.0,0.0];0.4898004259890583
[0.5,0.0,0.0,0.5,0.0];0.6672272909681081
[0.5,0.0,0.5,0.0,0.0];0.624230511999202
[0.5,0.0,0.16666666666666666,0.16666666666666666,0.16666666666666666];0.7282735758150565
[0.2,0.2,0.2,0.2,0.2];0.7072493849243974
[0.5,0.0,0.0,0.0,0.5];0.7189359640329385
[0.0,0.0,0.0,0.0,1.0];0.6034746567835707
