S=[LO,CX,DB,PX,RB];result
[1.0,0.0,0.0,0.0,0.0];0.5941775846872668
[0.0,1.0,0.0,0.0,0.0];0.4594184875581182
[0.0,0.0,1.0,0.0,0.0];0.3951622829122763
[0.0,0.0,0.0,1.0,0.0];0.4700733126601646
[0.5,0.0,0.0,0.5,0.0];0.6370456930466359
[0.5,0.0,0.5,0.0,0.0];0.6530494433075239
[0.5,0.0,0.16666666666666666,0.16666666666666666,0.16666666666666666];0.7088246888539973
[0.2,0.2,0.2,0.2,0.2];0.6826012918894764
[0.5,0.0,0.0,0.0,0.5];0.7267706607559186
[0.0,0.0,0.0,0.0,1.0];0.6085469598191752
