S=[LO,CX,DB,PX,RB];result
[1.0,0.0,0.0,0.0,0.0];0.6796616375547795
[0.0,1.0,0.0,0.0,0.0];0.47095797924475746
[0.0,0.0,1.0,0.0,0.0];0.3924097519546894
[0.0,0.0,0.0,1.0,0.0];0.4919045994002619
[0.5,0.0,0.0,0.5,0.0];0.6505463966488554
[0.5,0.0,0.5,0.0,0.0];0.6355601874683796
[0.5,0.0,0.16666666666666666,0.16666666666666666,0.16666666666666666];0.7229895353138218
[0.2,0.2,0.2,0.2,0.2];0.7148159526880482
[0.5,0.0,0.0,0.0,0.5];0.7055863657240468
[0.0,0.0,0.0,0.0,1.0];0.6304933906100669
