S=[LO,CX,DB,PX,RB];result
[1.0,0.0,0.0,0.0,0.0];0.5983070547003693
[0.0,1.0,0.0,0.0,0.0];0.4037478402055662
[0.0,0.0,1.0,0.0,0.0];0.36229599721012173
[0.0,0.0,0.0,1.0,0.0];0.44602575548673634
[0.5,0.0,0.0,0.5,0.0];0.6176895449885358
[0.5,0.0,0.5,0.0,0.0];0.5949001110426577
[0.5,0.0,0.16666666666666666,0.16666666666666666,0.16666666666666666];0.665059845132338
[0.2,0.2,0.2,0.2,0.2];0.7146088275819906
[0.5,0.0,0.0,0.0,0.5];0.6964996860380568
[0.0,0.0,0.0,0.0,1.0];0.62568930111635
