S=[LO,CX,DB,PX,RB];result
[1.0,0.0,0.0,0.0,0.0];0.6470037859588023
[0.0,1.0,0.0,0.0,0.0];0.46207440920185794
[0.0,0.0,1.0,0.0,0.0];0.3682642481696037
[0.0,0.0,0.0,1.0,0.0];0.4482758237059401
[0.5,0.0,0.0,0.5,0.0];0.6559387040717912
[0.5,0.0,0.5,0.0,0.0];0.6542409484667098
[0.5,0.0,0.16666666666666666,0.16666666666666666,0.16666666666666666];0.7141159063983216
[0.2,0.2,0.2,0.2,0.2];0.7134637710394691
[0.5,0.0,0.0,0.0,0.5];0.7124465791287296
[0.0,0.0,0.0,0.0,1.0];0.6568809463477041
