S=[LO,CX,DB,PX,RB];result
[1.0,0.0,0.0,0.0,0.0];0.6452006897714115
[0.0,1.0,0.0,0.0,0.0];0.4496261039946434
[0.0,0.0,1.0,0.0,0.0];0.380981113287723
[0.0,0.0,0.0,1.0,0.0];0.4539094722817886
[0.5,0.0,0.0,0.5,0.0];0.6662160656328058
[0.5,0.0,0.5,0.0,0.0];0.6385764345635088
[0.5,0.0,0.16666666666666666,0.16666666666666666,0.16666666666666666];0.6880269603125629
[0.2,0.2,0.2,0.2,0.2];0.6877540997221135
[0.5,0.0,0.0,0.0,0.5];0.7101981201430926
[0.0,0.0,0.0,0.0,1.0];0.6237908676471992
