S=[LO,CX,DB,PX,RB];result
[1.0,0.0,0.0,0.0,0.0];0.6512757909093604
[0.0,1.0,0.0,0.0,0.0];0.4814997839190843
[0.0,0.0,1.0,0.0,0.0];0.39542003435627465
[0.0,0.0,0.0,1.0,0.0];0.4539550709691552
[0.5,0.0,0.0,0.5,0.0];0.6674405470879707
[0.5,0.0,0.5,0.0,0.0];0.6147102993514979
[0.5,0.0,0.16666666666666666,0.16666666666666666,0.16666666666666666];0.7237287542545077
[0.2,0.2,0.2,0.2,0.2];0.7151050104628529
[0.5,0.0,0.0,0.0,0.5];0.7034858608497871
[0.0,0.0,0.0,0.0,1.0];0.6730723112076743
