S=[LO,CX,DB,PX,RB];result
[1.0,0.0,0.0,0.0,0.0];0.7105009447133358
[0.0,1.0,0.0,0.0,0.0];0.5170445636820781
[0.0,0.0,1.0,0.0,0.0];0.4362191925352589
[0.0,0.0,0.0,1.0,0.0];0.5046232297933804
[0.5,0.0,0.0,0.5,0.0];0.689364116258631
[0.5,0.0,0.5,0.0,0.0];0.6307814938726255
[0.5,0.0,0.16666666666666666,0.16666666666666666,0.16666666666666666];0.7463761972870812
[0.2,0.2,0.2,0.2,0.2];0.7327543109958061
[0.5,0.0,0.0,0.0,0.5];0.7396206046953018
[0.0,0.0,0.0,0.0,1.0];0.6412346836772032
