S=[LO,CX,DB,PX,RB];result
[1.0,0.0,0.0,0.0,0.0];0.6584924474872145
[0.0,1.0,0.0,0.0,0.0];0.4359096091977195
[0.0,0.0,1.0,0.0,0.0];0.3962384508800559
[0.0,0.0,0.0,1.0,0.0];0.46026331450068325
[0.5,0.0,0.0,0.5,0.0];0.6825372897739679
[0.5,0.0,0.5,0.0,0.0];0.61474989845024
[0.5,0.0,0.16666666666666666,0.16666666666666666,0.16666666666666666];0.6905564622563388
[0.2,0.2,0.2,0.2,0.2];0.6896197260676971
[0.5,0.0,0.0,0.0,0.5];0.6768185330077361
[0.0,0.0,0.0,0.0,1.0];0.6390256852949914
