S=[LO,CX,DB,PX,RB];result
[1.0,0.0,0.0,0.0,0.0];0.6763287830791294
[0.0,1.0,0.0,0.0,0.0];0.45754000758682356
[0.0,0.0,1.0,0.0,0.0];0.4312535321714728
[0.0,0.0,0.0,1.0,0.0];0.4860283319009745
[0.5,0.0,0.0,0.5,0.0];0.6905501000067058
[0.5,0.0,0.5,0.0,0.0];0.6506318207263957
[0.5,0.0,0.16666666666666666,0.16666666666666666,0.16666666666666666];0.7404853003938038
[0.2,0.2,0.2,0.2,0.2];0.7334719513044513
[0.5,0.0,0.0,0.0,0.5];0.7299948635448805
[0.0,0.0,0.0,0.0,1.0];0.6523150452159711
