S=[LO,CX,DB,PX,RB];result
[1.0,0.0,0.0,0.0,0.0];0.6812653751845222
[0.0,1.0,0.0,0.0,0.0];0.4711415940566932
[0.0,0.0,1.0,0.0,0.0];0.40121579144790176
[0.0,0.0,0.0,1.0,0.0];0.47750312420171387
[0.5,0.0,0.0,0.5,0.0];0.6566195604373417
[0.5,0.0,0.5,0.0,0.0];0.6067062742951197
[0.5,0.0,0.16666666666666666,0.16666666666666666,0.16666666666666666];0.6809865275287708
[0.2,0.2,0.2,0.2,0.2];0.7171306999251931
[0.5,0.0,0.0,0.0,0.5];0.6971438248804855
[0.0,0.0,0.0,0.0,1.0];0.6102493943357854
