S=[LO,CX,DB,PX,RB];result
[1.0,0.0,0.0,0.0,0.0];0.664311113598574
[0.0,1.0,0.0,0.0,0.0];0.48207502396999363
[0.0,0.0,1.0,0.0,0.0];0.4015671978996919
[0.0,0.0,0.0,1.0,0.0];0.49578889414308314
[0.5,0.0,0.0,0.5,0.0];0.6902689869037749
[0.5,0.0,0.5,0.0,0.0];0.7059174936750396
[0.5,0.0,0.16666666666666666,0.16666666666666666,0.16666666666666666];0.6960631591642643
[0.2,0.2,0.2,0.2,0.2];0.7145621447713222
[0.5,0.0,0.0,0.0,0.5];0.7408642164188357
[0.0,0.0,0.0,0.0,1.0];0.6491940430300194
