S=[LO,CX,DB,PX,RB];result
[1.0,0.0,0.0,0.0,0.0];0.648423435318983
[0.0,1.0,0.0,0.0,0.0];0.35326599467521824
[0.0,0.0,1.0,0.0,0.0];0.29540665179704945
[0.0,0.0,0.0,1.0,0.0];0.36975445719309347
[0.5,0.0,0.0,0.5,0.0];0.580804539960954
[0.5,0.0,0.5,0.0,0.0];0.5765553210603057
[0.5,0.0,0.16666666666666666,0.16666666666666666,0.16666666666666666];0.645593773196562
[0.2,0.2,0.2,0.2,0.2];0.6344937751279796
[0.5,0.0,0.0,0.0,0.5];0.654480836064824
[0.0,0.0,0.0,0.0,1.0];0.46972554561775337
