S=[LO,CX,DB,PX,RB];result
[1.0,0.0,0.0,0.0,0.0];0.6415798645103963
[0.0,1.0,0.0,0.0,0.0];0.4729436134667735
[0.0,0.0,1.0,0.0,0.0];0.3775350484690988
[0.0,0.0,0.0,1.0,0.0];0.4865290476389374
[0.5,0.0,0.0,0.5,0.0];0.6630573576396256
[0.5,0.0,0.5,0.0,0.0];0.6482883914509002
[0.5,0.0,0.16666666666666666,0.16666666666666666,0.16666666666666666];0.7313223680960158
[0.2,0.2,0.2,0.2,0.2];0.7169017061957133
[0.5,0.0,0.0,0.0,0.5];0.7277439512618713
[0.0,0.0,0.0,0.0,1.0];0.6867949986059021
