S=[LO,CX,DB,PX,RB];result
[1.0,0.0,0.0,0.0,0.0];0.6961540151594691
[0.0,1.0,0.0,0.0,0.0];0.5001264828941339
[0.0,0.0,1.0,0.0,0.0];0.41390336821223817
[0.0,0.0,0.0,1.0,0.0];0.5013540193955917
[0.5,0.0,0.0,0.5,0.0];0.6737674548668275
[0.5,0.0,0.5,0.0,0.0];0.6886594947939604
[0.5,0.0,0.16666666666666666,0.16666666666666666,0.16666666666666666];0.736467004228704
[0.2,0.2,0.2,0.2,0.2];0.709077587893332
[0.5,0.0,0.0,0.0,0.5];0.7362353757602402
[0.0,0.0,0.0,0.0,1.0];0.6403367279088482
