S=[LO,CX,DB,PX,RB];result
[1.0,0.0,0.0,0.0,0.0];0.6486721606328607
[0.0,1.0,0.0,0.0,0.0];0.47593567231162703
[0.0,0.0,1.0,0.0,0.0];0.3780298569622442
[0.0,0.0,0.0,1.0,0.0];0.45160879558223854
[0.5,0.0,0.0,0.5,0.0];0.6877501878412116
[0.5,0.0,0.5,0.0,0.0];0.629635753763598
[0.5,0.0,0.16666666666666666,0.16666666666666666,0.16666666666666666];0.6945534862802659
[0.2,0.2,0.2,0.2,0.2];0.7015698871399735
[0.5,0.0,0.0,0.0,0.5];0.7071190502155329
[0.0,0.0,0.0,0.0,1.0];0.6530488841772564
