S=[LO,CX,DB,PX,RB];result
[1.0,0.0,0.0,0.0,0.0];0.6483466461210026
[0.0,1.0,0.0,0.0,0.0];0.46971755815980654
[0.0,0.0,1.0,0.0,0.0];0.4030847405859386
[0.0,0.0,0.0,1.0,0.0];0.4753376459100756
[0.5,0.0,0.0,0.5,0.0];0.6801180482063138
[0.5,0.0,0.5,0.0,0.0];0.6365425671358267
[0.5,0.0,0.16666666666666666,0.16666666666666666,0.16666666666666666];0.6897957354619295
[0.2,0.2,0.2,0.2,0.2];0.7229840616899333
[0.5,0.0,0.0,0.0,0.5];0.7158193755213715
[0.0,0.0,0.0,0.0,1.0];0.6500082846567672
