S=[LO,CX,DB,PX,RB];result
[1.0,0.0,0.0,0.0,0.0];0.6578811757201821
[0.0,1.0,0.0,0.0,0.0];0.49534918295353614
[0.0,0.0,1.0,0.0,0.0];0.4167097940977073
[0.0,0.0,0.0,1.0,0.0];0.4985730435489489
[0.5,0.0,0.0,0.5,0.0];0.6486438470619742
[0.5,0.0,0.5,0.0,0.0];0.6571483798246628
[0.5,0.0,0.16666666666666666,0.16666666666666666,0.16666666666666666];0.7218206603896773
[0.2,0.2,0.2,0.2,0.2];0.7142890496838468
[0.5,0.0,0.0,0.0,0.5];0.7236173848660363
[0.0,0.0,0.0,0.0,1.0];0.6565338323394163
