S=[LO,CX,DB,PX,RB];result
[1.0,0.0,0.0,0.0,0.0];0.6757378206945426
[0.0,1.0,0.0,0.0,0.0];0.46078495521499985
[0.0,0.0,1.0,0.0,0.0];0.3839542247452389
[0.0,0.0,0.0,1.0,0.0];0.46055582929573724
[0.5,0.0,0.0,0.5,0.0];0.6208022067065699
[0.5,0.0,0.5,0.0,0.0];0.6368548853481779
[0.5,0.0,0.16666666666666666,0.16666666666666666,0.16666666666666666];0.7095000577407835
[0.2,0.2,0.2,0.2,0.2];0.71598383829254
[0.5,0.0,0.0,0.0,0.5];0.7224332798922952
[0.0,0.0,0.0,0.0,1.0];0.649032768782895
