S=[LO,CX,DB,PX,RB];result
[1.0,0.0,0.0,0.0,0.0];0.6543860417658447
[0.0,1.0,0.0,0.0,0.0];0.4549587813307353
[0.0,0.0,1.0,0.0,0.0];0.3549182699649702
[0.0,0.0,0.0,1.0,0.0];0.4484779345280569
[0.5,0.0,0.0,0.5,0.0];0.6527725902219175
[0.5,0.0,0.5,0.0,0.0];0.5987456404463425
[0.5,0.0,0.16666666666666666,0.16666666666666666,0.16666666666666666];0.6696006357268104
[0.2,0.2,0.2,0.2,0.2];0.6799012109959807
[0.5,0.0,0.0,0.0,0.5];0.6989794787620092
[0.0,0.0,0.0,0.0,1.0];0.6421867411983677
