S=[LO,CX,DB,PX,RB];result
[1.0,0.0,0.0,0.0,0.0];0.6654809284635829
[0.0,1.0,0.0,0.0,0.0];0.4628767785286301
[0.0,0.0,1.0,0.0,0.0];0.4046853938731049
[0.0,0.0,0.0,1.0,0.0];0.48561561750468624
[0.5,0.0,0.0,0.5,0.0];0.6710971877962957
[0.5,0.0,0.5,0.0,0.0];0.6801492426412907
[0.5,0.0,0.16666666666666666,0.16666666666666666,0.16666666666666666];0.7035783391703111
[0.2,0.2,0.2,0.2,0.2];0.7087048248214528
[0.5,0.0,0.0,0.0,0.5];0.7207301289612942
[0.0,0.0,0.0,0.0,1.0];0.6748185938704414
