S=[LO,CX,DB,PX,RB];result
[1.0,0.0,0.0,0.0,0.0];0.6742809232837956
[0.0,1.0,0.0,0.0,0.0];0.4622339642119573
[0.0,0.0,1.0,0.0,0.0];0.4189014945113483
[0.0,0.0,0.0,1.0,0.0];0.48265536507791157
[0.5,0.0,0.0,0.5,0.0];0.6612569368435989
[0.5,0.0,0.5,0.0,0.0];0.6408648855285546
[0.5,0.0,0.16666666666666666,0.16666666666666666,0.16666666666666666];0.7155287497138744
[0.2,0.2,0.2,0.2,0.2];0.7185038022009034
[0.5,0.0,0.0,0.0,0.5];0.717934901178786
[0.0,0.0,0.0,0.0,1.0];0.6433721379167228
