S=[LO,CX,DB,PX,RB];result
[1.0,0.0,0.0,0.0,0.0];0.6670355943616912
[0.0,1.0,0.0,0.0,0.0];0.4610078171102399
[0.0,0.0,1.0,0.0,0.0];0.39443178011464664
[0.0,0.0,0.0,1.0,0.0];0.4746268796433592
[0.5,0.0,0.0,0.5,0.0];0.675401052483259
[0.5,0.0,0.5,0.0,0.0];0.6437743239150202
[0.5,0.0,0.16666666666666666,0.16666666666666666,0.16666666666666666];0.700907984552974
[0.2,0.2,0.2,0.2,0.2];0.7167412644365465
[0.5,0.0,0.0,0.0,0.5];0.7308338985191469
[0.0,0.0,0.0,0.0,1.0];0.6176063263538436
