S=[LO,CX,DB,PX,RB];result
[1.0,0.0,0.0,0.0,0.0];0.6279465430900217
[0.0,1.0,0.0,0.0,0.0];0.46182781588948596
[0.0,0.0,1.0,0.0,0.0];0.4247253382921927
[0.0,0.0,0.0,1.0,0.0];0.4585244699282839
[0.5,0.0,0.0,0.5,0.0];0.633426855735238
[0.5,0.0,0.5,0.0,0.0];0.6052285916400568
[0.5,0.0,0.16666666666666666,0.16666666666666666,0.16666666666666666];0.7285446312866148
[0.2,0.2,0.2,0.2,0.2];0.6973109797273848
[0.5,0.0,0.0,0.0,0.5];0.713566314124942
[0.0,0.0,0.0,0.0,1.0];0.6455349241102174
