S=[LO,CX,DB,PX,RB];result
[1.0,0.0,0.0,0.0,0.0];0.6509716563704642
[0.0,1.0,0.0,0.0,0.0];0.45221915892378045
[0.0,0.0,1.0,0.0,0.0];0.3463148817870245
[0.0,0.0,0.0,1.0,0.0];0.45346555178341735
[0.5,0.0,0.0,0.5,0.0];0.6165731382824178
[0.5,0.0,0.5,0.0,0.0];0.5946683413527558
[0.5,0.0,0.16666666666666666,0.16666666666666666,0.16666666666666666];0.6741370533797556
[0.2,0.2,0.2,0.2,0.2];0.6880750787672614
[0.5,0.0,0.0,0.0,0.5];0.6981516923496811
[0.0,0.0,0.0,0.0,1.0];0.5752089987726755
