S=[LO,CX,DB,PX,RB];result
[1.0,0.0,0.0,0.0,0.0];0.6463263900759155
[0.0,1.0,0.0,0.0,0.0];0.4349374969175426
[0.0,0.0,1.0,0.0,0.0];0.3824807434645064
[0.0,0.0,0.0,1.0,0.0];0.43957205736416693
[0.5,0.0,0.0,0.5,0.0];0.6736192812848621
[0.5,0.0,0.5,0.0,0.0];0.6267461518396381
[0.5,0.0,0.16666666666666666,0.16666666666666666,0.16666666666666666];0.686375222509887
[0.2,0.2,0.2,0.2,0.2];0.6800450310594912
[0.5,0.0,0.0,0.0,0.5];0.688784508802999
[0.0,0.0,0.0,0.0,1.0];0.6013731135307716
