S=[LO,CX,DB,PX,RB];result
[1.0,0.0,0.0,0.0,0.0];0.6767913652619733
[0.0,1.0,0.0,0.0,0.0];0.4892280050897523
[0.0,0.0,1.0,0.0,0.0];0.4051660251369642
[0.0,0.0,0.0,1.0,0.0];0.4668705256975788
[0.5,0.0,0.0,0.5,0.0];0.65797683376636
[0.5,0.0,0.5,0.0,0.0];0.649388615807982
[0.5,0.0,0.16666666666666666,0.16666666666666666,0.16666666666666666];0.7125431861384619
[0.2,0.2,0.2,0.2,0.2];0.706471940892806
[0.5,0.0,0.0,0.0,0.5];0.7286343756249204
[0.0,0.0,0.0,0.0,1.0];0.591220821542242
