S=[LO,CX,DB,PX,RB];result
[1.0,0.0,0.0,0.0,0.0];0.653500269756196
[0.0,1.0,0.0,0.0,0.0];0.4535385908186337
[0.0,0.0,1.0,0.0,0.0];0.41558215936496257
[0.0,0.0,0.0,1.0,0.0];0.47360423627106446
[0.5,0.0,0.0,0.5,0.0];0.6539481407910838
[0.5,0.0,0.5,0.0,0.0];0.6230559313691396
[0.5,0.0,0.16666666666666666,0.16666666666666666,0.16666666666666666];0.6842645860480934
[0.2,0.2,0.2,0.2,0.2];0.7115848810929807
[0.5,0.0,0.0,0.0,0.5];0.7122600352761175
[0.0,0.0,0.0,0.0,1.0];0.6461447380384431
