S=[LO,CX,DB,PX,RB];result
[1.0,0.0,0.0,0.0,0.0];0.6477086511132238
[0.0,1.0,0.0,0.0,0.0];0.4976655792523343
[0.0,0.0,1.0,0.0,0.0];0.4143509819599763
[0.0,0.0,0.0,1.0,0.0];0.4723315482326951
[0.5,0.0,0.0,0.5,0.0];0.642776297198018
[0.5,0.0,0.5,0.0,0.0];0.6924789567753298
[0.5,0.0,0.16666666666666666,0.16666666666666666,0.16666666666666666];0.7161531031013061
[0.2,0.2,0.2,0.2,0.2];0.7095516030131186
[0.5,0.0,0.0,0.0,0.5];0.6980514884488374
[0.0,0.0,0.0,0.0,1.0];0.6411032748714979
