S=[LO,CX,DB,PX,RB];result
[1.0,0.0,0.0,0.0,0.0];0.6635339120324666
[0.0,1.0,0.0,0.0,0.0];0.42570958768310957
[0.0,0.0,1.0,0.0,0.0];0.39185631706684154
[0.0,0.0,0.0,1.0,0.0];0.448772221755333
[0.5,0.0,0.0,0.5,0.0];0.6854255327212895
[0.5,0.0,0.5,0.0,0.0];0.6515180072925866
[0.5,0.0,0.16666666666666666,0.16666666666666666,0.16666666666666666];0.6767310664623959
[0.2,0.2,0.2,0.2,0.2];0.6907714809588695
[0.5,0.0,0.0,0.0,0.5];0.7136282944644143
[0.0,0.0,0.0,0.0,1.0];0.5949203471546488
