S=[LO,CX,DB,PX,RB];result
[1.0,0.0,0.0,0.0,0.0];0.6365848699311905
[0.0,1.0,0.0,0.0,0.0];0.46369362682459725
[0.0,0.0,1.0,0.0,0.0];0.40308216100932354
[0.0,0.0,0.0,1.0,0.0];0.4821612034073377
[0.5,0.0,0.0,0.5,0.0];0.6612048997943806
[0.5,0.0,0.5,0.0,0.0];0.6504976999466083
[0.5,0.0,0.16666666666666666,0.16666666666666666,0.16666666666666666];0.7405110788063354
[0.2,0.2,0.2,0.2,0.2];0.7064356631915968
[0.5,0.0,0.0,0.0,0.5];0.7288017266020261
[0.0,0.0,0.0,0.0,1.0];0.6267730072705422
