S=[LO,CX,DB,PX,RB];result
[1.0,0.0,0.0,0.0,0.0];0.6400169600602826
[0.0,1.0,0.0,0.0,0.0];0.49186168333056024
[0.0,0.0,1.0,0.0,0.0];0.36292248808051575
[0.0,0.0,0.0,1.0,0.0];0.46056140522607847
[0.5,0.0,0.0,0.5,0.0];0.6386516497115255
[0.5,0.0,0.5,0.0,0.0];0.6504855269572503
[0.5,0.0,0.16666666666666666,0.16666666666666666,0.16666666666666666];0.7073752794007321
[0.2,0.2,0.2,0.2,0.2];0.7132687168139908
[0.5,0.0,0.0,0.0,0.5];0.7148527188650792
[0.0,0.0,0.0,0.0,1.0];0.6445651027859651
