S=[LO,CX,DB,PX,RB];result
[1.0,0.0,0.0,0.0,0.0];0.6775561712735638
[0.0,1.0,0.0,0.0,0.0];0.4680981440393545
[0.0,0.0,1.0,0.0,0.0];0.4295415633118062
[0.0,0.0,0.0,1.0,0.0];0.47067231715672686
[0.5,0.0,0.0,0.5,0.0];0.6990644786904917
[0.5,0.0,0.5,0.0,0.0];0.6200287733189787
[0.5,0.0,0.16666666666666666,0.16666666666666666,0.16666666666666666];0.7149221081499308
[0.2,0.2,0.2,0.2,0.2];0.7249592678066766
[0.5,0.0,0.0,0.0,0.5];0.7286394108960055
[0.0,0.0,0.0,0.0,1.0];0.6720907938926163
