S=[LO,CX,DB,PX,RB];result
[1.0,0.0,0.0,0.0,0.0];0.6770561994524642
[0.0,1.0,0.0,0.0,0.0];0.45402955266902845
[0.0,0.0,1.0,0.0,0.0];0.34388500615079487
[0.0,0.0,0.0,1.0,0.0];0.4691921581974141
[0.5,0.0,0.0,0.5,0.0];0.631330870461603
[0.5,0.0,0.5,0.0,0.0];0.6504610242804565
[0.5,0.0,0.16666666666666666,0.16666666666666666,0.16666666666666666];0.7016358952741018
[0.2,0.2,0.2,0.2,0.2];0.6955669159543881
[0.5,0.0,0.0,0.0,0.5];0.7038602308159131
[0.0,0.0,0.0,0.0,1.0];0.6471582993171254
