S=[LO,CX,DB,PX,RB];result
[1.0,0.0,0.0,0.0,0.0];0.6720742641816493
[0.0,1.0,0.0,0.0,0.0];0.4537470600807325
[0.0,0.0,1.0,0.0,0.0];0.37301465266795103
[0.0,0.0,0.0,1.0,0.0];0.462179846288572
[0.5,0.0,0.0,0.5,0.0];0.6539316283652408
[0.5,0.0,0.5,0.0,0.0];0.6483486274887177
[0.5,0.0,0.16666666666666666,0.16666666666666666,0.16666666666666666];0.7271603647893852
[0.2,0.2,0.2,0.2,0.2];0.712436518719655
[0.5,0.0,0.0,0.0,0.5];0.7059853164161795
[0.0,0.0,0.0,0.0,1.0];0.6040554086802762
