S=[LO,CX,DB,PX,RB];result
[1.0,0.0,0.0,0.0,0.0];0.6170783532536921
[0.0,1.0,0.0,0.0,0.0];0.4536365957086196
[0.0,0.0,1.0,0.0,0.0];0.39680476275431364
[0.0,0.0,0.0,1.0,0.0];0.45441553642335797
[0.5,0.0,0.0,0.5,0.0];0.6194075890004775
[0.5,0.0,0.5,0.0,0.0];0.638094471616121
[0.5,0.0,0.16666666666666666,0.16666666666666666,0.16666666666666666];0.698298511250798
[0.2,0.2,0.2,0.2,0.2];0.70031597438835
[0.5,0.0,0.0,0.0,0.5];0.6971625301467497
[0.0,0.0,0.0,0.0,1.0];0.6707936437719875
