S=[LO,CX,DB,PX,RB];result
[1.0,0.0,0.0,0.0,0.0];0.6621608433171071
[0.0,1.0,0.0,0.0,0.0];0.4654556594769982
[0.0,0.0,1.0,0.0,0.0];0.3474509912138618
[0.0,0.0,0.0,1.0,0.0];0.46295094254267405
[0.5,0.0,0.0,0.5,0.0];0.6596358280936023
[0.5,0.0,0.5,0.0,0.0];0.5886580375237578
[0.5,0.0,0.16666666666666666,0.16666666666666666,0.16666666666666666];0.6981276127441669
[0.2,0.2,0.2,0.2,0.2];0.6848464591376915
[0.5,0.0,0.0,0.0,0.5];0.6854221478747314
[0.0,0.0,0.0,0.0,1.0];0.6679298665331471
