S=[LO,CX,DB,PX,RB];result
[1.0,0.0,0.0,0.0,0.0];0.6263866718527024
[0.0,1.0,0.0,0.0,0.0];0.4057097846089519
[0.0,0.0,1.0,0.0,0.0];0.35002154747788816
[0.0,0.0,0.0,1.0,0.0];0.4206635484151503
[0.5,0.0,0.0,0.5,0.0];0.6070495971418923
[0.5,0.0,0.5,0.0,0.0];0.6094063405432719
[0.5,0.0,0.16666666666666666,0.16666666666666666,0.16666666666666666];0.6583125581001592
[0.2,0.2,0.2,0.2,0.2];0.6684848035206661
[0.5,0.0,0.0,0.0,0.5];0.6624248782083222
[0.0,0.0,0.0,0.0,1.0];0.5276217077777194
