S=[LO,CX,DB,PX,RB];result
[1.0,0.0,0.0,0.0,0.0];0.6400672463158565
[0.0,1.0,0.0,0.0,0.0];0.3901305296972485
[0.0,0.0,1.0,0.0,0.0];0.3438460447003048
[0.0,0.0,0.0,1.0,0.0];0.4226481692380134
[0.5,0.0,0.0,0.5,0.0];0.625908166284784
[0.5,0.0,0.5,0.0,0.0];0.6196289325443612
[0.5,0.0,0.16666666666666666,0.16666666666666666,0.16666666666666666];0.6641274384355806
[0.2,0.2,0.2,0.2,0.2];0.7006477765565662
[0.5,0.0,0.0,0.0,0.5];0.6862367107053038
[0.0,0.0,0.0,0.0,1.0];0.6094082347437715
