S=[LO,CX,DB,PX,RB];result
[1.0,0.0,0.0,0.0,0.0];0.6685265731982476
[0.0,1.0,0.0,0.0,0.0];0.47851301159931664
[0.0,0.0,1.0,0.0,0.0];0.4175296102319268
[0.0,0.0,0.0,1.0,0.0];0.505398774430305
[0.5,0.0,0.0,0.5,0.0];0.6748303136787219
[0.5,0.0,0.5,0.0,0.0];0.6194124997208258
[0.5,0.0,0.16666666666666666,0.16666666666666666,0.16666666666666666];0.7210060057648551
[0.2,0.2,0.2,0.2,0.2];0.7178736256946951
[0.5,0.0,0.0,0.0,0.5];0.7068218578742733
[0.0,0.0,0.0,0.0,1.0];0.651794656626457
