S=[LO,CX,DB,PX,RB];result
[1.0,0.0,0.0,0.0,0.0];0.6434259444018171
[0.0,1.0,0.0,0.0,0.0];0.4131324649667142
[0.0,0.0,1.0,0.0,0.0];0.36245146661529143
[0.0,0.0,0.0,1.0,0.0];0.4404971082423484
[0.5,0.0,0.0,0.5,0.0];0.6609121964134184
[0.5,0.0,0.5,0.0,0.0];0.6398236031096406
[0.5,0.0,0.16666666666666666,0.16666666666666666,0.16666666666666666];0.7028832915425343
[0.2,0.2,0.2,0.2,0.2];0.6903847844941586
[0.5,0.0,0.0,0.0,0.5];0.6973319396030546
[0.0,0.0,0.0,0.0,1.0];0.642392619122593
