S=[LO,CX,DB,PX,RB];result
[1.0,0.0,0.0,0.0,0.0];0.656905140674158
[0.0,1.0,0.0,0.0,0.0];0.4241387602064219
[0.0,0.0,1.0,0.0,0.0];0.3512389987642064
[0.0,0.0,0.0,1.0,0.0];0.4346798259876593
[0.5,0.0,0.0,0.5,0.0];0.6113881143375637
[0.5,0.0,0.5,0.0,0.0];0.6584482125956885
[0.5,0.0,0.16666666666666666,0.16666666666666666,0.16666666666666666];0.6642489659761666
[0.2,0.2,0.2,0.2,0.2];0.6738894382420388
[0.5,0.0,0.0,0.0,0.5];0.6933114400453892
[0.0,0.0,0.0,0.0,1.0];0.565282046146629
