S=[LO,CX,DB,PX,RB];result
[1.0,0.0,0.0,0.0,0.0];0.649922397267223
[0.0,1.0,0.0,0.0,0.0];0.46819872082053665
[0.0,0.0,1.0,0.0,0.0];0.37739778394440215
[0.0,0.0,0.0,1.0,0.0];0.49317791830047986
[0.5,0.0,0.0,0.5,0.0];0.6394280676295756
[0.5,0.0,0.5,0.0,0.0];0.6062346501776523
[0.5,0.0,0.16666666666666666,0.16666666666666666,0.16666666666666666];0.7118887456687829
[0.2,0.2,0.2,0.2,0.2];0.6930327216594323
[0.5,0.0,0.0,0.0,0.5];0.7084429502441325
[0.0,0.0,0.0,0.0,1.0];0.594169395891003
