S=[LO,CX,DB,PX,RB];result
[1.0,0.0,0.0,0.0,0.0];0.641863670734796
[0.0,1.0,0.0,0.0,0.0];0.46384379058481356
[0.0,0.0,1.0,0.0,0.0];0.37060223316963964
[0.0,0.0,0.0,1.0,0.0];0.45959769051032895
[0.5,0.0,0.0,0.5,0.0];0.6483078674115077
[0.5,0.0,0.5,0.0,0.0];0.6235112872566535
[0.5,0.0,0.16666666666666666,0.16666666666666666,0.16666666666666666];0.7011712808593475
[0.2,0.2,0.2,0.2,0.2];0.7188340618180677
[0.5,0.0,0.0,0.0,0.5];0.6914778553458033
[0.0,0.0,0.0,0.0,1.0];0.6485790664623632
