S=[LO,CX,DB,PX,RB];result
[1.0,0.0,0.0,0.0,0.0];0.6424454390663684
[0.0,1.0,0.0,0.0,0.0];0.5807078171512632
[0.0,0.0,1.0,0.0,0.0];0.3782017641549758
[0.0,0.0,0.0,1.0,0.0];0.5642675653050337
[0.5,0.0,0.0,0.5,0.0];0.6588208195474725
[0.5,0.0,0.5,0.0,0.0];0.6657315627772111
[0.5,0.0,0.16666666666666666,0.16666666666666666,0.16666666666666666];0.7827953192182031
[0.2,0.2,0.2,0.2,0.2];0.7333027057698183
[0.5,0.0,0.0,0.0,0.5];0.7599383377857135
[0.0,0.0,0.0,0.0,1.0];0.2959074186313023
