S=[LO,CX,DB,PX,RB];result
[1.0,0.0,0.0,0.0,0.0];0.6947219910754545
[0.0,1.0,0.0,0.0,0.0];0.6614373170293864
[0.0,0.0,1.0,0.0,0.0];0.5067499386190939
[0.0,0.0,0.0,1.0,0.0];0.7076164467291668
[0.5,0.0,0.0,0.5,0.0];0.7789062819178627
[0.5,0.0,0.5,0.0,0.0];0.7473394115005221
[0.5,0.0,0.16666666666666666,0.16666666666666666,0.16666666666666666];0.8315695976964761
[0.2,0.2,0.2,0.2,0.2];0.8401134367835312
[0.5,0.0,0.0,0.0,0.5];0.8179921363011153
[0.0,0.0,0.0,0.0,1.0];0.7983822948399892
