S=[LO,CX,DB,PX,RB];result
[1.0,0.0,0.0,0.0,0.0];0.5837977497533277
[0.0,1.0,0.0,0.0,0.0];0.42073918267927557
[0.0,0.0,1.0,0.0,0.0];0.3305046277478426
[0.0,0.0,0.0,1.0,0.0];0.4457499066412577
[0.5,0.0,0.0,0.5,0.0];0.6177852439885753
[0.5,0.0,0.5,0.0,0.0];0.5933973876177896
[0.5,0.0,0.16666666666666666,0.16666666666666666,0.16666666666666666];0.6774819296201846
[0.2,0.2,0.2,0.2,0.2];0.6432240461308205
[0.5,0.0,0.0,0.0,0.5];0.6282276701816099
[0.0,0.0,0.0,0.0,1.0];0.30508061737508707
