S=[LO,CX,DB,PX,RB];result
[1.0,0.0,0.0,0.0,0.0];0.6956280396050523
[0.0,1.0,0.0,0.0,0.0];0.5306052801959256
[0.0,0.0,1.0,0.0,0.0];0.3975790132324687
[0.0,0.0,0.0,1.0,0.0];0.4869850463016193
[0.5,0.0,0.0,0.5,0.0];0.6988243061204049
[0.5,0.0,0.5,0.0,0.0];0.6672609087434491
[0.5,0.0,0.16666666666666666,0.16666666666666666,0.16666666666666666];0.7629816527096585
[0.2,0.2,0.2,0.2,0.2];0.7344756191039135
[0.5,0.0,0.0,0.0,0.5];0.7356402483027209
[0.0,0.0,0.0,0.0,1.0];0.7135897373790423
