S=[LO,CX,DB,PX,RB];result
[1.0,0.0,0.0,0.0,0.0];0.69519482899737
[0.0,1.0,0.0,0.0,0.0];0.5471848448617433
[0.0,0.0,1.0,0.0,0.0];0.4287266835314306
[0.0,0.0,0.0,1.0,0.0];0.5759768568324556
[0.5,0.0,0.0,0.5,0.0];0.6929773111365912
[0.5,0.0,0.5,0.0,0.0];0.659539881445904
[0.5,0.0,0.16666666666666666,0.16666666666666666,0.16666666666666666];0.7018790018592653
[0.2,0.2,0.2,0.2,0.2];0.7216704396764783
[0.5,0.0,0.0,0.0,0.5];0.6630280262389536
[0.0,0.0,0.0,0.0,1.0];0.4664716085997523
