S=[LO,CX,DB,PX,RB];result
[1.0,0.0,0.0,0.0,0.0];0.6153683575555449
[0.0,1.0,0.0,0.0,0.0];0.5486703113192644
[0.0,0.0,1.0,0.0,0.0];0.3776287134477663
[0.0,0.0,0.0,1.0,0.0];0.5253310512441629
[0.5,0.0,0.0,0.5,0.0];0.6370411296386767
[0.5,0.0,0.5,0.0,0.0];0.6167345178540613
[0.5,0.0,0.16666666666666666,0.16666666666666666,0.16666666666666666];0.7462084640160671
[0.2,0.2,0.2,0.2,0.2];0.7378173771759333
[0.5,0.0,0.0,0.0,0.5];0.704173243842454
[0.0,0.0,0.0,0.0,1.0];0.5824311716673247
