S=[LO,CX,DB,PX,RB];result
[1.0,0.0,0.0,0.0,0.0];0.6556991471711628
[0.0,1.0,0.0,0.0,0.0];0.5263627330772854
[0.0,0.0,1.0,0.0,0.0];0.35664576504648227
[0.0,0.0,0.0,1.0,0.0];0.5145149531106246
[0.5,0.0,0.0,0.5,0.0];0.6822511865920555
[0.5,0.0,0.5,0.0,0.0];0.6459801614142966
[0.5,0.0,0.16666666666666666,0.16666666666666666,0.16666666666666666];0.7316411411579551
[0.2,0.2,0.2,0.2,0.2];0.72440203140808
[0.5,0.0,0.0,0.0,0.5];0.6783802529338858
[0.0,0.0,0.0,0.0,1.0];0.6061395462602785
