S=[LO,CX,DB,PX,RB];result
[1.0,0.0,0.0,0.0,0.0];0.6458284522361204
[0.0,1.0,0.0,0.0,0.0];0.46242919116494036
[0.0,0.0,1.0,0.0,0.0];0.32960034544207706
[0.0,0.0,0.0,1.0,0.0];0.47124007336208606
[0.5,0.0,0.0,0.5,0.0];0.6185119461984496
[0.5,0.0,0.5,0.0,0.0];0.6064042848584572
[0.5,0.0,0.16666666666666666,0.16666666666666666,0.16666666666666666];0.6978113504071128
[0.2,0.2,0.2,0.2,0.2];0.6710221128979054
[0.5,0.0,0.0,0.0,0.5];0.686351556330023
[0.0,0.0,0.0,0.0,1.0];0.5810040524981805
