S=[LO,CX,DB,PX,RB];result
[1.0,0.0,0.0,0.0,0.0];0.7293209316723381
[0.0,1.0,0.0,0.0,0.0];0.6221493350924625
[0.0,0.0,1.0,0.0,0.0];0.3718821192876631
[0.0,0.0,0.0,1.0,0.0];0.597045293735528
[0.5,0.0,0.0,0.5,0.0];0.7478796286311473
[0.5,0.0,0.5,0.0,0.0];0.6779775498977104
[0.5,0.0,0.16666666666666666,0.16666666666666666,0.16666666666666666];0.75829695826633
[0.2,0.2,0.2,0.2,0.2];0.7439587101278942
[0.5,0.0,0.0,0.0,0.5];0.7182766454773039
[0.0,0.0,0.0,0.0,1.0];0.6882356183969667
