S=[LO,CX,DB,PX,RB];result
[1.0,0.0,0.0,0.0,0.0];0.7790037945874926
[0.0,1.0,0.0,0.0,0.0];0.7020130501624665
[0.0,0.0,1.0,0.0,0.0];0.3748784092928221
[0.0,0.0,0.0,1.0,0.0];0.695266938909762
[0.5,0.0,0.0,0.5,0.0];0.7757676571604094
[0.5,0.0,0.5,0.0,0.0];0.7453122611959215
[0.5,0.0,0.16666666666666666,0.16666666666666666,0.16666666666666666];0.7772882365833872
[0.2,0.2,0.2,0.2,0.2];0.7542842735222588
[0.5,0.0,0.0,0.0,0.5];0.7508305077420245
[0.0,0.0,0.0,0.0,1.0];0.0
