S=[LO,CX,DB,PX,RB];result
[1.0,0.0,0.0,0.0,0.0];0.6386551251766754
[0.0,1.0,0.0,0.0,0.0];0.5302130998068668
[0.0,0.0,1.0,0.0,0.0];0.3830043620764393
[0.0,0.0,0.0,1.0,0.0];0.5240521733341752
[0.5,0.0,0.0,0.5,0.0];0.6672164601890118
[0.5,0.0,0.5,0.0,0.0];0.6478711873678575
[0.5,0.0,0.16666666666666666,0.16666666666666666,0.16666666666666666];0.7372046204685749
[0.2,0.2,0.2,0.2,0.2];0.7060654463207462
[0.5,0.0,0.0,0.0,0.5];0.6996597907236564
[0.0,0.0,0.0,0.0,1.0];0.3799382244394631
