S=[LO,CX,DB,PX,RB];result
[1.0,0.0,0.0,0.0,0.0];0.5901390546933403
[0.0,1.0,0.0,0.0,0.0];0.43700188699611325
[0.0,0.0,1.0,0.0,0.0];0.3733004936251098
[0.0,0.0,0.0,1.0,0.0];0.45736362418080045
[0.5,0.0,0.0,0.5,0.0];0.621988972139423
[0.5,0.0,0.5,0.0,0.0];0.5788022450683324
[0.5,0.0,0.16666666666666666,0.16666666666666666,0.16666666666666666];0.7136828235263639
[0.2,0.2,0.2,0.2,0.2];0.6864322385694752
[0.5,0.0,0.0,0.0,0.5];0.6788316338573104
[0.0,0.0,0.0,0.0,1.0];0.5345635604259482
