S=[LO,CX,DB,PX,RB];result
[1.0,0.0,0.0,0.0,0.0];0.7314284302030339
[0.0,1.0,0.0,0.0,0.0];0.6302890573735445
[0.0,0.0,1.0,0.0,0.0];0.43914231613222654
[0.0,0.0,0.0,1.0,0.0];0.6519828541529771
[0.5,0.0,0.0,0.5,0.0];0.7643001363966216
[0.5,0.0,0.5,0.0,0.0];0.726356985549834
[0.5,0.0,0.16666666666666666,0.16666666666666666,0.16666666666666666];0.7793247774642474
[0.2,0.2,0.2,0.2,0.2];0.8036064107387557
[0.5,0.0,0.0,0.0,0.5];0.8054044536255873
[0.0,0.0,0.0,0.0,1.0];0.6770252689351419
