S=[LO,CX,DB,PX,RB];result
[1.0,0.0,0.0,0.0,0.0];0.5431952552397865
[0.0,1.0,0.0,0.0,0.0];0.487619310001709
[0.0,0.0,1.0,0.0,0.0];0.3961811951835481
[0.0,0.0,0.0,1.0,0.0];0.6335378702522403
[0.5,0.0,0.0,0.5,0.0];0.6853614035766871
[0.5,0.0,0.5,0.0,0.0];0.556502766125669
[0.5,0.0,0.16666666666666666,0.16666666666666666,0.16666666666666666];0.6105403177876658
[0.2,0.2,0.2,0.2,0.2];0.6740974530450554
[0.5,0.0,0.0,0.0,0.5];0.6048733797906234
[0.0,0.0,0.0,0.0,1.0];0.43760476600223425
