S=[LO,CX,DB,PX,RB];result
[1.0,0.0,0.0,0.0,0.0];0.784071693151561
[0.0,1.0,0.0,0.0,0.0];0.6795873387476594
[0.0,0.0,1.0,0.0,0.0];0.48501630246515315
[0.0,0.0,0.0,1.0,0.0];0.7171451277893685
[0.5,0.0,0.0,0.5,0.0];0.8125503499911232
[0.5,0.0,0.5,0.0,0.0];0.7873997314521918
[0.5,0.0,0.16666666666666666,0.16666666666666666,0.16666666666666666];0.8156386794961326
[0.2,0.2,0.2,0.2,0.2];0.837990233621112
[0.5,0.0,0.0,0.0,0.5];0.8296423645982971
[0.0,0.0,0.0,0.0,1.0];0.7189181511831273
