S=[LO,CX,DB,PX,RB];result
[1.0,0.0,0.0,0.0,0.0];0.6888182715293436
[0.0,1.0,0.0,0.0,0.0];0.5452332807395295
[0.0,0.0,1.0,0.0,0.0];0.4197190273654277
[0.0,0.0,0.0,1.0,0.0];0.541643141317961
[0.5,0.0,0.0,0.5,0.0];0.6961071291852013
[0.5,0.0,0.5,0.0,0.0];0.6422820162186358
[0.5,0.0,0.16666666666666666,0.16666666666666666,0.16666666666666666];0.6970438719147696
[0.2,0.2,0.2,0.2,0.2];0.7466107081179296
[0.5,0.0,0.0,0.0,0.5];0.7222914336895824
[0.0,0.0,0.0,0.0,1.0];0.6210525629489692
