S=[LO,CX,DB,PX,RB];result
[1.0,0.0,0.0,0.0,0.0];0.6828227403324111
[0.0,1.0,0.0,0.0,0.0];0.49863043653125616
[0.0,0.0,1.0,0.0,0.0];0.3160013633222426
[0.0,0.0,0.0,1.0,0.0];0.5154519785095149
[0.5,0.0,0.0,0.5,0.0];0.6643326137807467
[0.5,0.0,0.5,0.0,0.0];0.5492878221655659
[0.5,0.0,0.16666666666666666,0.16666666666666666,0.16666666666666666];0.7383547591940907
[0.2,0.2,0.2,0.2,0.2];0.6639008399565123
[0.5,0.0,0.0,0.0,0.5];0.7261681651696936
[0.0,0.0,0.0,0.0,1.0];0.5732046182420213
