S=[LO,CX,DB,PX,RB];result
[1.0,0.0,0.0,0.0,0.0];0.6591950322530716
[0.0,1.0,0.0,0.0,0.0];0.578875438576839
[0.0,0.0,1.0,0.0,0.0];0.3400076231872447
[0.0,0.0,0.0,1.0,0.0];0.6203227614419244
[0.5,0.0,0.0,0.5,0.0];0.6801173696388559
[0.5,0.0,0.5,0.0,0.0];0.6154614258079687
[0.5,0.0,0.16666666666666666,0.16666666666666666,0.16666666666666666];0.7001964967507968
[0.2,0.2,0.2,0.2,0.2];0.7246371235686673
[0.5,0.0,0.0,0.0,0.5];0.6932718386275256
[0.0,0.0,0.0,0.0,1.0];0.6131895768545581
