S=[LO,CX,DB,PX,RB];result
[1.0,0.0,0.0,0.0,0.0];0.7086337736754978
[0.0,1.0,0.0,0.0,0.0];0.5930231493000844
[0.0,0.0,1.0,0.0,0.0];0.3856270557776878
[0.0,0.0,0.0,1.0,0.0];0.6105191426215031
[0.5,0.0,0.0,0.5,0.0];0.736847326906203
[0.5,0.0,0.5,0.0,0.0];0.676314833987227
[0.5,0.0,0.16666666666666666,0.16666666666666666,0.16666666666666666];0.7505463865204116
[0.2,0.2,0.2,0.2,0.2];0.7623355266491432
[0.5,0.0,0.0,0.0,0.5];0.7782048140928274
[0.0,0.0,0.0,0.0,1.0];0.6829393076372157
