S=[LO,CX,DB,PX,RB];result
[1.0,0.0,0.0,0.0,0.0];0.6367906417043453
[0.0,1.0,0.0,0.0,0.0];0.5867974635632422
[0.0,0.0,1.0,0.0,0.0];0.4278845559951798
[0.0,0.0,0.0,1.0,0.0];0.5787858118826089
[0.5,0.0,0.0,0.5,0.0];0.6907391449474254
[0.5,0.0,0.5,0.0,0.0];0.6547915843447658
[0.5,0.0,0.16666666666666666,0.16666666666666666,0.16666666666666666];0.7310245313962149
[0.2,0.2,0.2,0.2,0.2];0.7262319243833446
[0.5,0.0,0.0,0.0,0.5];0.7179943335609997
[0.0,0.0,0.0,0.0,1.0];0.6238481628123792
