S=[LO,CX,DB,PX,RB];result
[1.0,0.0,0.0,0.0,0.0];0.5478102303430716
[0.0,1.0,0.0,0.0,0.0];0.48724659798211345
[0.0,0.0,1.0,0.0,0.0];0.3862005300202709
[0.0,0.0,0.0,1.0,0.0];0.47580835863058524
[0.5,0.0,0.0,0.5,0.0];0.629187455237669
[0.5,0.0,0.5,0.0,0.0];0.6109650934224706
[0.5,0.0,0.16666666666666666,0.16666666666666666,0.16666666666666666];0.7010334372397526
[0.2,0.2,0.2,0.2,0.2];0.6925825573782611
[0.5,0.0,0.0,0.0,0.5];0.6830267301828984
[0.0,0.0,0.0,0.0,1.0];0.3741992742588228
