S=[LO,CX,DB,PX,RB];result
[1.0,0.0,0.0,0.0,0.0];0.5839216693535112
[0.0,1.0,0.0,0.0,0.0];0.44796967130509396
[0.0,0.0,1.0,0.0,0.0];0.3006632574788257
[0.0,0.0,0.0,1.0,0.0];0.4714764425332578
[0.5,0.0,0.0,0.5,0.0];0.5770690546808139
[0.5,0.0,0.5,0.0,0.0];0.6302988178624711
[0.5,0.0,0.16666666666666666,0.16666666666666666,0.16666666666666666];0.648360060413145
[0.2,0.2,0.2,0.2,0.2];0.632212640906842
[0.5,0.0,0.0,0.0,0.5];0.6117546214995387
[0.0,0.0,0.0,0.0,1.0];0.36912157472259827
