S=[LO,CX,DB,PX,RB];result
[1.0,0.0,0.0,0.0,0.0];0.7518607738925099
[0.0,1.0,0.0,0.0,0.0];0.697705340364821
[0.0,0.0,1.0,0.0,0.0];0.37364082615983524
[0.0,0.0,0.0,1.0,0.0];0.6937448148281233
[0.5,0.0,0.0,0.5,0.0];0.7470382103977207
[0.5,0.0,0.5,0.0,0.0];0.7321122097959649
[0.5,0.0,0.16666666666666666,0.16666666666666666,0.16666666666666666];0.7515011088185604
[0.2,0.2,0.2,0.2,0.2];0.7273390836987708
[0.5,0.0,0.0,0.0,0.5];0.7374332377282963
[0.0,0.0,0.0,0.0,1.0];0.0
