S=[LO,CX,DB,PX,RB];result
[1.0,0.0,0.0,0.0,0.0];0.7392534385957319
[0.0,1.0,0.0,0.0,0.0];0.6372787156809132
[0.0,0.0,1.0,0.0,0.0];0.3654927851592107
[0.0,0.0,0.0,1.0,0.0];0.614858611195189
[0.5,0.0,0.0,0.5,0.0];0.7313326808786212
[0.5,0.0,0.5,0.0,0.0];0.7054444862852624
[0.5,0.0,0.16666666666666666,0.16666666666666666,0.16666666666666666];0.7214846083377744
[0.2,0.2,0.2,0.2,0.2];0.7211164603465998
[0.5,0.0,0.0,0.0,0.5];0.7261165902096671
[0.0,0.0,0.0,0.0,1.0];0.0
