S=[LO,CX,DB,PX,RB];result
[1.0,0.0,0.0,0.0,0.0];0.5650781372967439
[0.0,1.0,0.0,0.0,0.0];0.4970240388512663
[0.0,0.0,1.0,0.0,0.0];0.26991266774632744
[0.0,0.0,0.0,1.0,0.0];0.546284429355118
[0.5,0.0,0.0,0.5,0.0];0.6093728643183087
[0.5,0.0,0.5,0.0,0.0];0.557619383201323
[0.5,0.0,0.16666666666666666,0.16666666666666666,0.16666666666666666];0.6737505158186239
[0.2,0.2,0.2,0.2,0.2];0.6822516834520478
[0.5,0.0,0.0,0.0,0.5];0.656200597918502
[0.0,0.0,0.0,0.0,1.0];0.5782744746659768
