S=[LO,CX,DB,PX,RB];result
[1.0,0.0,0.0,0.0,0.0];0.2455996520374925
[0.0,1.0,0.0,0.0,0.0];0.4688184547543256
[0.0,0.0,1.0,0.0,0.0];0.11868247235154451
[0.0,0.0,0.0,1.0,0.0];0.46140754973324677
[0.5,0.0,0.0,0.5,0.0];0.3930671191469979
[0.5,0.0,0.5,0.0,0.0];0.23816809579639164
[0.5,0.0,0.16666666666666666,0.16666666666666666,0.16666666666666666];0.40522436765004927
[0.2,0.2,0.2,0.2,0.2];0.5590439250469255
[0.5,0.0,0.0,0.0,0.5];0.3965047056415857
[0.0,0.0,0.0,0.0,1.0];0.5192643513923287
