S=[LO,CX,DB,PX,RB];result
[1.0,0.0,0.0,0.0,0.0];0.7366395026988688
[0.0,1.0,0.0,0.0,0.0];0.5901003735138607
[0.0,0.0,1.0,0.0,0.0];0.367001059282536
[0.0,0.0,0.0,1.0,0.0];0.5324088932271345
[0.5,0.0,0.0,0.5,0.0];0.7345774104228815
[0.5,0.0,0.5,0.0,0.0];0.7297092925409929
[0.5,0.0,0.16666666666666666,0.16666666666666666,0.16666666666666666];0.7443073693578771
[0.2,0.2,0.2,0.2,0.2];0.7655760202089539
[0.5,0.0,0.0,0.0,0.5];0.7654645431724578
[0.0,0.0,0.0,0.0,1.0];0.7047702151140633
