S=[LO,CX,DB,PX,RB];result
[1.0,0.0,0.0,0.0,0.0];0.6093935949515066
[0.0,1.0,0.0,0.0,0.0];0.5363910016206144
[0.0,0.0,1.0,0.0,0.0];0.35582437474373063
[0.0,0.0,0.0,1.0,0.0];0.5326681931656188
[0.5,0.0,0.0,0.5,0.0];0.6712095708609004
[0.5,0.0,0.5,0.0,0.0];0.6221115520896929
[0.5,0.0,0.16666666666666666,0.16666666666666666,0.16666666666666666];0.6958878545936824
[0.2,0.2,0.2,0.2,0.2];0.6874546398765586
[0.5,0.0,0.0,0.0,0.5];0.6633283934018588
[0.0,0.0,0.0,0.0,1.0];0.26828924701494306
