S=[LO,CX,DB,PX,RB];result
[1.0,0.0,0.0,0.0,0.0];0.7029732777742516
[0.0,1.0,0.0,0.0,0.0];0.560531998497181
[0.0,0.0,1.0,0.0,0.0];0.36853016667302657
[0.0,0.0,0.0,1.0,0.0];0.6316544232588844
[0.5,0.0,0.0,0.5,0.0];0.7118211189601855
[0.5,0.0,0.5,0.0,0.0];0.6999765304582459
[0.5,0.0,0.16666666666666666,0.16666666666666666,0.16666666666666666];0.7492940857385623
[0.2,0.2,0.2,0.2,0.2];0.7422036466165889
[0.5,0.0,0.0,0.0,0.5];0.7365360462133896
[0.0,0.0,0.0,0.0,1.0];0.6335476784856913
