S=[LO,CX,DB,PX,RB];result
[1.0,0.0,0.0,0.0,0.0];0.6495209923970777
[0.0,1.0,0.0,0.0,0.0];0.5561663070642161
[0.0,0.0,1.0,0.0,0.0];0.3781976864347516
[0.0,0.0,0.0,1.0,0.0];0.5003960270861211
[0.5,0.0,0.0,0.5,0.0];0.6711650812374574
[0.5,0.0,0.5,0.0,0.0];0.679900384906778
[0.5,0.0,0.16666666666666666,0.16666666666666666,0.16666666666666666];0.7245680810464084
[0.2,0.2,0.2,0.2,0.2];0.7192332138632965
[0.5,0.0,0.0,0.0,0.5];0.7400677276918826
[0.0,0.0,0.0,0.0,1.0];0.6075266399623667
