S=[LO,CX,DB,PX,RB];result
[1.0,0.0,0.0,0.0,0.0];0.6193227416316107
[0.0,1.0,0.0,0.0,0.0];0.540627894313497
[0.0,0.0,1.0,0.0,0.0];0.3624601127090247
[0.0,0.0,0.0,1.0,0.0];0.521041585818862
[0.5,0.0,0.0,0.5,0.0];0.6812547584860204
[0.5,0.0,0.5,0.0,0.0];0.6586331192190273
[0.5,0.0,0.16666666666666666,0.16666666666666666,0.16666666666666666];0.6868882659068547
[0.2,0.2,0.2,0.2,0.2];0.7196593846533597
[0.5,0.0,0.0,0.0,0.5];0.6596306157026389
[0.0,0.0,0.0,0.0,1.0];0.5965642052308974
