S=[LO,CX,DB,PX,RB];result
[1.0,0.0,0.0,0.0,0.0];0.7335311809697657
[0.0,1.0,0.0,0.0,0.0];0.6755149194961068
[0.0,0.0,1.0,0.0,0.0];0.4144006125580213
[0.0,0.0,0.0,1.0,0.0];0.6729288235141238
[0.5,0.0,0.0,0.5,0.0];0.7819659526267789
[0.5,0.0,0.5,0.0,0.0];0.718681022341855
[0.5,0.0,0.16666666666666666,0.16666666666666666,0.16666666666666666];0.7869692431251079
[0.2,0.2,0.2,0.2,0.2];0.7449609149795895
[0.5,0.0,0.0,0.0,0.5];0.7788732771659641
[0.0,0.0,0.0,0.0,1.0];0.3624621799162571
