S=[LO,CX,DB,PX,RB];result
[1.0,0.0,0.0,0.0,0.0];0.6648158777023772
[0.0,1.0,0.0,0.0,0.0];0.5851405779910734
[0.0,0.0,1.0,0.0,0.0];0.3872341309306381
[0.0,0.0,0.0,1.0,0.0];0.5808888394417071
[0.5,0.0,0.0,0.5,0.0];0.7312499910731018
[0.5,0.0,0.5,0.0,0.0];0.6854180965026008
[0.5,0.0,0.16666666666666666,0.16666666666666666,0.16666666666666666];0.7715254394869586
[0.2,0.2,0.2,0.2,0.2];0.7766925714765543
[0.5,0.0,0.0,0.0,0.5];0.7473130647917381
[0.0,0.0,0.0,0.0,1.0];0.7131676960061497
