S=[LO,CX,DB,PX,RB];result
[1.0,0.0,0.0,0.0,0.0];0.7090546924240712
[0.0,1.0,0.0,0.0,0.0];0.5648032411585688
[0.0,0.0,1.0,0.0,0.0];0.4599784259408767
[0.0,0.0,0.0,1.0,0.0];0.5898667176233948
[0.5,0.0,0.0,0.5,0.0];0.6920234728350285
[0.5,0.0,0.5,0.0,0.0];0.6908678979145241
[0.5,0.0,0.16666666666666666,0.16666666666666666,0.16666666666666666];0.8213203319569877
[0.2,0.2,0.2,0.2,0.2];0.7932154887804121
[0.5,0.0,0.0,0.0,0.5];0.7543868016468168
[0.0,0.0,0.0,0.0,1.0];0.750729671023229
