S=[LO,CX,DB,PX,RB];result
[1.0,0.0,0.0,0.0,0.0];0.7953965323863492
[0.0,1.0,0.0,0.0,0.0];0.6989331086842077
[0.0,0.0,1.0,0.0,0.0];0.38644235740746213
[0.0,0.0,0.0,1.0,0.0];0.7255803723205898
[0.5,0.0,0.0,0.5,0.0];0.7988597725787397
[0.5,0.0,0.5,0.0,0.0];0.7960137561311526
[0.5,0.0,0.16666666666666666,0.16666666666666666,0.16666666666666666];0.8134770675841416
[0.2,0.2,0.2,0.2,0.2];0.8101862743889352
[0.5,0.0,0.0,0.0,0.5];0.8140697693755002
[0.0,0.0,0.0,0.0,1.0];0.7962189226982406
