S=[LO,CX,DB,PX,RB];result
[1.0,0.0,0.0,0.0,0.0];0.3284448697261151
[0.0,1.0,0.0,0.0,0.0];0.22348535609532522
[0.0,0.0,1.0,0.0,0.0];0.15901785523253528
[0.0,0.0,0.0,1.0,0.0];0.2207961803288403
[0.5,0.0,0.0,0.5,0.0];0.32298982925381226
[0.5,0.0,0.5,0.0,0.0];0.3022926010605162
[0.5,0.0,0.16666666666666666,0.16666666666666666,0.16666666666666666];0.5862853714408878
[0.2,0.2,0.2,0.2,0.2];0.6101809724783493
[0.5,0.0,0.0,0.0,0.5];0.5952322883380559
[0.0,0.0,0.0,0.0,1.0];0.5556071017778872
