S=[LO,CX,DB,PX,RB];result
[1.0,0.0,0.0,0.0,0.0];0.46665106208997875
[0.0,1.0,0.0,0.0,0.0];0.401573318000477
[0.0,0.0,1.0,0.0,0.0];0.29622514205965844
[0.0,0.0,0.0,1.0,0.0];0.5477054155293596
[0.5,0.0,0.0,0.5,0.0];0.5410208988696783
[0.5,0.0,0.5,0.0,0.0];0.47518409569777464
[0.5,0.0,0.16666666666666666,0.16666666666666666,0.16666666666666666];0.6026713752518844
[0.2,0.2,0.2,0.2,0.2];0.7103199031109642
[0.5,0.0,0.0,0.0,0.5];0.4667020067856702
[0.0,0.0,0.0,0.0,1.0];0.31157870505357077
