S=[LO,CX,DB,PX,RB];result
[1.0,0.0,0.0,0.0,0.0];0.7502826639735249
[0.0,1.0,0.0,0.0,0.0];0.6212548926845087
[0.0,0.0,1.0,0.0,0.0];0.40092790005646306
[0.0,0.0,0.0,1.0,0.0];0.6555886245009384
[0.5,0.0,0.0,0.5,0.0];0.7242867651718283
[0.5,0.0,0.5,0.0,0.0];0.6719021309045851
[0.5,0.0,0.16666666666666666,0.16666666666666666,0.16666666666666666];0.7538880442656049
[0.2,0.2,0.2,0.2,0.2];0.7642060972671698
[0.5,0.0,0.0,0.0,0.5];0.7579264364067817
[0.0,0.0,0.0,0.0,1.0];0.6757996329380738
