S=[LO,CX,DB,PX,RB];result
[1.0,0.0,0.0,0.0,0.0];0.6906479904019625
[0.0,1.0,0.0,0.0,0.0];0.5083843483514018
[0.0,0.0,1.0,0.0,0.0];0.3965084938644455
[0.0,0.0,0.0,1.0,0.0];0.5332180645033069
[0.5,0.0,0.0,0.5,0.0];0.687110995902563
[0.5,0.0,0.5,0.0,0.0];0.5972974228237165
[0.5,0.0,0.16666666666666666,0.16666666666666666,0.16666666666666666];0.7431563809508507
[0.2,0.2,0.2,0.2,0.2];0.7251823746494062
[0.5,0.0,0.0,0.0,0.5];0.7544290860637035
[0.0,0.0,0.0,0.0,1.0];0.5122436445217308
