S=[LO,CX,DB,PX,RB];result
[1.0,0.0,0.0,0.0,0.0];0.43513197760571776
[0.0,1.0,0.0,0.0,0.0];0.5457527202725596
[0.0,0.0,1.0,0.0,0.0];0.29168054950305344
[0.0,0.0,0.0,1.0,0.0];0.5608947286281947
[0.5,0.0,0.0,0.5,0.0];0.6280274032992798
[0.5,0.0,0.5,0.0,0.0];0.46096578265534427
[0.5,0.0,0.16666666666666666,0.16666666666666666,0.16666666666666666];0.6682099976208973
[0.2,0.2,0.2,0.2,0.2];0.6697506233649146
[0.5,0.0,0.0,0.0,0.5];0.6670314584221384
[0.0,0.0,0.0,0.0,1.0];0.6478966892403876
