S=[LO,CX,DB,PX,RB];result
[1.0,0.0,0.0,0.0,0.0];0.6434427682816646
[0.0,1.0,0.0,0.0,0.0];0.4520756789562503
[0.0,0.0,1.0,0.0,0.0];0.33867426963012087
[0.0,0.0,0.0,1.0,0.0];0.49542036817936197
[0.5,0.0,0.0,0.5,0.0];0.6622688908248853
[0.5,0.0,0.5,0.0,0.0];0.6374154571748931
[0.5,0.0,0.16666666666666666,0.16666666666666666,0.16666666666666666];0.7099359349262251
[0.2,0.2,0.2,0.2,0.2];0.7163845278971894
[0.5,0.0,0.0,0.0,0.5];0.7369450715127
[0.0,0.0,0.0,0.0,1.0];0.696022511456539
