S=[LO,CX,DB,PX,RB];result
[1.0,0.0,0.0,0.0,0.0];0.751131482209344
[0.0,1.0,0.0,0.0,0.0];0.6548920393165063
[0.0,0.0,1.0,0.0,0.0];0.377636014915249
[0.0,0.0,0.0,1.0,0.0];0.6756101291706635
[0.5,0.0,0.0,0.5,0.0];0.7795796965238596
[0.5,0.0,0.5,0.0,0.0];0.7559834399827168
[0.5,0.0,0.16666666666666666,0.16666666666666666,0.16666666666666666];0.7951442259917072
[0.2,0.2,0.2,0.2,0.2];0.7983097781750998
[0.5,0.0,0.0,0.0,0.5];0.796602839692444
[0.0,0.0,0.0,0.0,1.0];0.784258996161074
