S=[LO,CX,DB,PX,RB];result
[1.0,0.0,0.0,0.0,0.0];0.7221381609666349
[0.0,1.0,0.0,0.0,0.0];0.5300413871885108
[0.0,0.0,1.0,0.0,0.0];0.41878731984871864
[0.0,0.0,0.0,1.0,0.0];0.5868724558308638
[0.5,0.0,0.0,0.5,0.0];0.696345260868235
[0.5,0.0,0.5,0.0,0.0];0.7109898955493614
[0.5,0.0,0.16666666666666666,0.16666666666666666,0.16666666666666666];0.7640053844072219
[0.2,0.2,0.2,0.2,0.2];0.7607370569682439
[0.5,0.0,0.0,0.0,0.5];0.7634846340868333
[0.0,0.0,0.0,0.0,1.0];0.6772712844845865
