S=[LO,CX,DB,PX,RB];result
[1.0,0.0,0.0,0.0,0.0];0.6240359909439728
[0.0,1.0,0.0,0.0,0.0];0.5142217441266431
[0.0,0.0,1.0,0.0,0.0];0.3387118744899471
[0.0,0.0,0.0,1.0,0.0];0.5113467688877156
[0.5,0.0,0.0,0.5,0.0];0.6757909541137969
[0.5,0.0,0.5,0.0,0.0];0.6420314057243219
[0.5,0.0,0.16666666666666666,0.16666666666666666,0.16666666666666666];0.7133623249053034
[0.2,0.2,0.2,0.2,0.2];0.6900140124698433
[0.5,0.0,0.0,0.0,0.5];0.7110977465471944
[0.0,0.0,0.0,0.0,1.0];0.6619613849017217
