S=[LO,CX,DB,PX,RB];result
[1.0,0.0,0.0,0.0,0.0];0.4334404301560752
[0.0,1.0,0.0,0.0,0.0];0.5081151379478981
[0.0,0.0,1.0,0.0,0.0];0.2758159307000352
[0.0,0.0,0.0,1.0,0.0];0.5241303455797716
[0.5,0.0,0.0,0.5,0.0];0.6205853479385846
[0.5,0.0,0.5,0.0,0.0];0.3941412497762046
[0.5,0.0,0.16666666666666666,0.16666666666666666,0.16666666666666666];0.6457732244723511
[0.2,0.2,0.2,0.2,0.2];0.649386643337976
[0.5,0.0,0.0,0.0,0.5];0.652248961949516
[0.0,0.0,0.0,0.0,1.0];0.5749879541927809
