S=[LO,CX,DB,PX,RB];result
[1.0,0.0,0.0,0.0,0.0];0.6724064181767667
[0.0,1.0,0.0,0.0,0.0];0.49286014609054707
[0.0,0.0,1.0,0.0,0.0];0.34793471885048627
[0.0,0.0,0.0,1.0,0.0];0.45716576851906104
[0.5,0.0,0.0,0.5,0.0];0.5836511094685473
[0.5,0.0,0.5,0.0,0.0];0.6342963946779205
[0.5,0.0,0.16666666666666666,0.16666666666666666,0.16666666666666666];0.7382504793806588
[0.2,0.2,0.2,0.2,0.2];0.7061794451899677
[0.5,0.0,0.0,0.0,0.5];0.7267257613313638
[0.0,0.0,0.0,0.0,1.0];0.6404812879233648
