S=[LO,CX,DB,PX,RB];result
[1.0,0.0,0.0,0.0,0.0];0.7626205143275812
[0.0,1.0,0.0,0.0,0.0];0.6815810874822908
[0.0,0.0,1.0,0.0,0.0];0.38313289675848317
[0.0,0.0,0.0,1.0,0.0];0.6974301415487074
[0.5,0.0,0.0,0.5,0.0];0.7645141262506376
[0.5,0.0,0.5,0.0,0.0];0.7341306856439456
[0.5,0.0,0.16666666666666666,0.16666666666666666,0.16666666666666666];0.7782642222880778
[0.2,0.2,0.2,0.2,0.2];0.7660255121371345
[0.5,0.0,0.0,0.0,0.5];0.7152354309489645
[0.0,0.0,0.0,0.0,1.0];0.24564877418408262
