S=[LO,CX,DB,PX,RB];result
[1.0,0.0,0.0,0.0,0.0];0.2690365821213023
[0.0,1.0,0.0,0.0,0.0];0.5030163407719122
[0.0,0.0,1.0,0.0,0.0];0.14854997515448798
[0.0,0.0,0.0,1.0,0.0];0.5027741380517268
[0.5,0.0,0.0,0.5,0.0];0.43613015073247646
[0.5,0.0,0.5,0.0,0.0];0.2769636997359085
[0.5,0.0,0.16666666666666666,0.16666666666666666,0.16666666666666666];0.5804371257468345
[0.2,0.2,0.2,0.2,0.2];0.5983714685046525
[0.5,0.0,0.0,0.0,0.5];0.5792121042279088
[0.0,0.0,0.0,0.0,1.0];0.4044053116688836
