S=[LO,CX,DB,PX,RB];result
[1.0,0.0,0.0,0.0,0.0];0.6574826508437809
[0.0,1.0,0.0,0.0,0.0];0.5505859838038467
[0.0,0.0,1.0,0.0,0.0];0.39244903391257935
[0.0,0.0,0.0,1.0,0.0];0.5238148924118645
[0.5,0.0,0.0,0.5,0.0];0.7226306195721701
[0.5,0.0,0.5,0.0,0.0];0.6883384374804655
[0.5,0.0,0.16666666666666666,0.16666666666666666,0.16666666666666666];0.8071117996458487
[0.2,0.2,0.2,0.2,0.2];0.795529424386144
[0.5,0.0,0.0,0.0,0.5];0.805487080777779
[0.0,0.0,0.0,0.0,1.0];0.7587457094748993
