S=[LO,CX,DB,PX,RB];result
[1.0,0.0,0.0,0.0,0.0];0.4126243930506461
[0.0,1.0,0.0,0.0,0.0];0.533704792834401
[0.0,0.0,1.0,0.0,0.0];0.24580751924436678
[0.0,0.0,0.0,1.0,0.0];0.5171869607466337
[0.5,0.0,0.0,0.5,0.0];0.6348775598242403
[0.5,0.0,0.5,0.0,0.0];0.40996411770206564
[0.5,0.0,0.16666666666666666,0.16666666666666666,0.16666666666666666];0.633807130258881
[0.2,0.2,0.2,0.2,0.2];0.6478640253239472
[0.5,0.0,0.0,0.0,0.5];0.5904127148981237
[0.0,0.0,0.0,0.0,1.0];0.5719037651166468
