S=[LO,CX,DB,PX,RB];result
[1.0,0.0,0.0,0.0,0.0];0.7038458333156263
[0.0,1.0,0.0,0.0,0.0];0.602869640361074
[0.0,0.0,1.0,0.0,0.0];0.2463095704080039
[0.0,0.0,0.0,1.0,0.0];0.5824029218348692
[0.5,0.0,0.0,0.5,0.0];0.7062909565673389
[0.5,0.0,0.5,0.0,0.0];0.6884143337769459
[0.5,0.0,0.16666666666666666,0.16666666666666666,0.16666666666666666];0.6902938107367169
[0.2,0.2,0.2,0.2,0.2];0.6933445009106916
[0.5,0.0,0.0,0.0,0.5];0.6722348105524076
[0.0,0.0,0.0,0.0,1.0];0.0
