S=[LO,CX,DB,PX,RB];result
[1.0,0.0,0.0,0.0,0.0];0.7529873472040234
[0.0,1.0,0.0,0.0,0.0];0.6281595396865374
[0.0,0.0,1.0,0.0,0.0];0.3534672522544046
[0.0,0.0,0.0,1.0,0.0];0.6622803569271336
[0.5,0.0,0.0,0.5,0.0];0.7492605191011277
[0.5,0.0,0.5,0.0,0.0];0.7594374797549859
[0.5,0.0,0.16666666666666666,0.16666666666666666,0.16666666666666666];0.753476727620285
[0.2,0.2,0.2,0.2,0.2];0.7787441809451111
[0.5,0.0,0.0,0.0,0.5];0.7780212634518034
[0.0,0.0,0.0,0.0,1.0];0.7502318762958771
