S=[LO,CX,DB,PX,RB];result
[1.0,0.0,0.0,0.0,0.0];0.5785617565226504
[0.0,1.0,0.0,0.0,0.0];0.42780899995630634
[0.0,0.0,1.0,0.0,0.0];0.3385364878027456
[0.0,0.0,0.0,1.0,0.0];0.46185487602163267
[0.5,0.0,0.0,0.5,0.0];0.5999496332149377
[0.5,0.0,0.5,0.0,0.0];0.5870488371444489
[0.5,0.0,0.16666666666666666,0.16666666666666666,0.16666666666666666];0.6598841180512687
[0.2,0.2,0.2,0.2,0.2];0.695144736393954
[0.5,0.0,0.0,0.0,0.5];0.7015190995611291
[0.0,0.0,0.0,0.0,1.0];0.6581612726077625
