S=[LO,CX,DB,PX,RB];result
[1.0,0.0,0.0,0.0,0.0];0.683311237845643
[0.0,1.0,0.0,0.0,0.0];0.5666977162959785
[0.0,0.0,1.0,0.0,0.0];0.27837242863259093
[0.0,0.0,0.0,1.0,0.0];0.554144767747453
[0.5,0.0,0.0,0.5,0.0];0.6414249623768244
[0.5,0.0,0.5,0.0,0.0];0.6211242558354199
[0.5,0.0,0.16666666666666666,0.16666666666666666,0.16666666666666666];0.67969912921594
[0.2,0.2,0.2,0.2,0.2];0.6577013175507987
[0.5,0.0,0.0,0.0,0.5];0.6660011850393122
[0.0,0.0,0.0,0.0,1.0];0.01992664143040181
