S=[LO,CX,DB,PX,RB];result
[1.0,0.0,0.0,0.0,0.0];0.7118525569677576
[0.0,1.0,0.0,0.0,0.0];0.5995922851393156
[0.0,0.0,1.0,0.0,0.0];0.34203205938063164
[0.0,0.0,0.0,1.0,0.0];0.6438313937680016
[0.5,0.0,0.0,0.5,0.0];0.7224230430998142
[0.5,0.0,0.5,0.0,0.0];0.6929070465421543
[0.5,0.0,0.16666666666666666,0.16666666666666666,0.16666666666666666];0.7337750760350734
[0.2,0.2,0.2,0.2,0.2];0.6989280598382968
[0.5,0.0,0.0,0.0,0.5];0.6917814720243902
[0.0,0.0,0.0,0.0,1.0];0.0
