S=[LO,CX,DB,PX,RB];result
[1.0,0.0,0.0,0.0,0.0];0.6180733898950219
[0.0,1.0,0.0,0.0,0.0];0.4833993412354908
[0.0,0.0,1.0,0.0,0.0];0.3915565001294826
[0.0,0.0,0.0,1.0,0.0];0.5197198234707723
[0.5,0.0,0.0,0.5,0.0];0.6693107462912466
[0.5,0.0,0.5,0.0,0.0];0.5899085833249209
[0.5,0.0,0.16666666666666666,0.16666666666666666,0.16666666666666666];0.7289721082674658
[0.2,0.2,0.2,0.2,0.2];0.7349272929181561
[0.5,0.0,0.0,0.0,0.5];0.6675890142092409
[0.0,0.0,0.0,0.0,1.0];0.3016130387101468
