S=[LO,CX,DB,PX,RB];result
[1.0,0.0,0.0,0.0,0.0];0.7178423021259093
[0.0,1.0,0.0,0.0,0.0];0.634399437257257
[0.0,0.0,1.0,0.0,0.0];0.3820740958247927
[0.0,0.0,0.0,1.0,0.0];0.6224173282777326
[0.5,0.0,0.0,0.5,0.0];0.7730211681515975
[0.5,0.0,0.5,0.0,0.0];0.7028104592568015
[0.5,0.0,0.16666666666666666,0.16666666666666666,0.16666666666666666];0.7652125183185846
[0.2,0.2,0.2,0.2,0.2];0.7775761700466459
[0.5,0.0,0.0,0.0,0.5];0.7942897872931411
[0.0,0.0,0.0,0.0,1.0];0.6749619376873803
