S=[LO,CX,DB,PX,RB];result
[1.0,0.0,0.0,0.0,0.0];0.6316608557415182
[0.0,1.0,0.0,0.0,0.0];0.49792973822801034
[0.0,0.0,1.0,0.0,0.0];0.3459359752086381
[0.0,0.0,0.0,1.0,0.0];0.529448645366919
[0.5,0.0,0.0,0.5,0.0];0.668677543957146
[0.5,0.0,0.5,0.0,0.0];0.6295408004875884
[0.5,0.0,0.16666666666666666,0.16666666666666666,0.16666666666666666];0.6593844843449472
[0.2,0.2,0.2,0.2,0.2];0.6994357937987894
[0.5,0.0,0.0,0.0,0.5];0.6121001873216502
[0.0,0.0,0.0,0.0,1.0];0.4833716656723188
