S=[LO,CX,DB,PX,RB];result
[1.0,0.0,0.0,0.0,0.0];0.7841187707891497
[0.0,1.0,0.0,0.0,0.0];0.6559805158219709
[0.0,0.0,1.0,0.0,0.0];0.37633784381404073
[0.0,0.0,0.0,1.0,0.0];0.6551285389741635
[0.5,0.0,0.0,0.5,0.0];0.7814180030343101
[0.5,0.0,0.5,0.0,0.0];0.7826434689956161
[0.5,0.0,0.16666666666666666,0.16666666666666666,0.16666666666666666];0.781505698417096
[0.2,0.2,0.2,0.2,0.2];0.7626793066623239
[0.5,0.0,0.0,0.0,0.5];0.7600313593709144
[0.0,0.0,0.0,0.0,1.0];0.0
