S=[LO,CX,DB,PX,RB];result
[1.0,0.0,0.0,0.0,0.0];0.43748505215642686
[0.0,1.0,0.0,0.0,0.0];0.3285960784315316
[0.0,0.0,1.0,0.0,0.0];0.22078968533543086
[0.0,0.0,0.0,1.0,0.0];0.3345858522328532
[0.5,0.0,0.0,0.5,0.0];0.41044333491069807
[0.5,0.0,0.5,0.0,0.0];0.38321030435738446
[0.5,0.0,0.16666666666666666,0.16666666666666666,0.16666666666666666];0.4789354145666138
[0.2,0.2,0.2,0.2,0.2];0.4790470744172166
[0.5,0.0,0.0,0.0,0.5];0.467665029013722
[0.0,0.0,0.0,0.0,1.0];0.41942973810171025
