S=[LO,CX,DB,PX,RB];result
[1.0,0.0,0.0,0.0,0.0];0.5952857821274822
[0.0,1.0,0.0,0.0,0.0];0.4958130161421361
[0.0,0.0,1.0,0.0,0.0];0.39495141389149024
[0.0,0.0,0.0,1.0,0.0];0.5110450996023819
[0.5,0.0,0.0,0.5,0.0];0.6266790896559431
[0.5,0.0,0.5,0.0,0.0];0.624492555520852
[0.5,0.0,0.16666666666666666,0.16666666666666666,0.16666666666666666];0.6995880423449683
[0.2,0.2,0.2,0.2,0.2];0.7533655318601332
[0.5,0.0,0.0,0.0,0.5];0.7544412781484828
[0.0,0.0,0.0,0.0,1.0];0.6661143214800105
