S=[LO,CX,DB,PX,RB];result
[1.0,0.0,0.0,0.0,0.0];0.533103545490116
[0.0,1.0,0.0,0.0,0.0];0.4662864179571995
[0.0,0.0,1.0,0.0,0.0];0.2507717679303699
[0.0,0.0,0.0,1.0,0.0];0.4755999152183429
[0.5,0.0,0.0,0.5,0.0];0.6374974172937393
[0.5,0.0,0.5,0.0,0.0];0.5907955345474976
[0.5,0.0,0.16666666666666666,0.16666666666666666,0.16666666666666666];0.5948442802529976
[0.2,0.2,0.2,0.2,0.2];0.593856495669847
[0.5,0.0,0.0,0.0,0.5];0.5752600069422218
[0.0,0.0,0.0,0.0,1.0];0.28603215062752896
