S=[LO,CX,DB,PX,RB];result
[1.0,0.0,0.0,0.0,0.0];0.7211730384848385
[0.0,1.0,0.0,0.0,0.0];0.5554009481701441
[0.0,0.0,1.0,0.0,0.0];0.45298947552147983
[0.0,0.0,0.0,1.0,0.0];0.5578920662213742
[0.5,0.0,0.0,0.5,0.0];0.6746716461996126
[0.5,0.0,0.5,0.0,0.0];0.6422716825992718
[0.5,0.0,0.16666666666666666,0.16666666666666666,0.16666666666666666];0.7275474505229038
[0.2,0.2,0.2,0.2,0.2];0.7542207504749674
[0.5,0.0,0.0,0.0,0.5];0.7555048773141047
[0.0,0.0,0.0,0.0,1.0];0.6943517350930428
