S=[LO,CX,DB,PX,RB];result
[1.0,0.0,0.0,0.0,0.0];0.74958429031033
[0.0,1.0,0.0,0.0,0.0];0.6603029944911776
[0.0,0.0,1.0,0.0,0.0];0.44588014487113264
[0.0,0.0,0.0,1.0,0.0];0.6715648681594177
[0.5,0.0,0.0,0.5,0.0];0.7771273736803164
[0.5,0.0,0.5,0.0,0.0];0.7196176922913885
[0.5,0.0,0.16666666666666666,0.16666666666666666,0.16666666666666666];0.8192322212200354
[0.2,0.2,0.2,0.2,0.2];0.798542062839364
[0.5,0.0,0.0,0.0,0.5];0.8189758436937158
[0.0,0.0,0.0,0.0,1.0];0.7773714577418323
