S=[LO,CX,DB,PX,RB];result
[1.0,0.0,0.0,0.0,0.0];0.7021671069125258
[0.0,1.0,0.0,0.0,0.0];0.5815282250004916
[0.0,0.0,1.0,0.0,0.0];0.3953777586904362
[0.0,0.0,0.0,1.0,0.0];0.5712208723262571
[0.5,0.0,0.0,0.5,0.0];0.7289856081840765
[0.5,0.0,0.5,0.0,0.0];0.6970391691692475
[0.5,0.0,0.16666666666666666,0.16666666666666666,0.16666666666666666];0.7964995229112423
[0.2,0.2,0.2,0.2,0.2];0.8008983979882033
[0.5,0.0,0.0,0.0,0.5];0.8002840899081627
[0.0,0.0,0.0,0.0,1.0];0.7728707407226965
