S=[LO,CX,DB,PX,RB];result
[1.0,0.0,0.0,0.0,0.0];0.7143444428641952
[0.0,1.0,0.0,0.0,0.0];0.6296787531837462
[0.0,0.0,1.0,0.0,0.0];0.324562016212197
[0.0,0.0,0.0,1.0,0.0];0.6588052227992
[0.5,0.0,0.0,0.5,0.0];0.7370450252971996
[0.5,0.0,0.5,0.0,0.0];0.7232490195398691
[0.5,0.0,0.16666666666666666,0.16666666666666666,0.16666666666666666];0.7138482530413404
[0.2,0.2,0.2,0.2,0.2];0.7167701541571071
[0.5,0.0,0.0,0.0,0.5];0.7088600503853273
[0.0,0.0,0.0,0.0,1.0];0.022896948284123562
