S=[LO,CX,DB,PX,RB];result
[1.0,0.0,0.0,0.0,0.0];0.6297392311677441
[0.0,1.0,0.0,0.0,0.0];0.48779682877935715
[0.0,0.0,1.0,0.0,0.0];0.3562248073526726
[0.0,0.0,0.0,1.0,0.0];0.518079330562401
[0.5,0.0,0.0,0.5,0.0];0.6294876712287922
[0.5,0.0,0.5,0.0,0.0];0.5917700834722184
[0.5,0.0,0.16666666666666666,0.16666666666666666,0.16666666666666666];0.716210917041188
[0.2,0.2,0.2,0.2,0.2];0.717266949720218
[0.5,0.0,0.0,0.0,0.5];0.7003430319401506
[0.0,0.0,0.0,0.0,1.0];0.702167017378877
