S=[LO,CX,DB,PX,RB];result
[1.0,0.0,0.0,0.0,0.0];0.6419246038143707
[0.0,1.0,0.0,0.0,0.0];0.4882500358643582
[0.0,0.0,1.0,0.0,0.0];0.33930143995749495
[0.0,0.0,0.0,1.0,0.0];0.4965073379706104
[0.5,0.0,0.0,0.5,0.0];0.6240486503984499
[0.5,0.0,0.5,0.0,0.0];0.5988864438386611
[0.5,0.0,0.16666666666666666,0.16666666666666666,0.16666666666666666];0.6960874987797585
[0.2,0.2,0.2,0.2,0.2];0.6988365239381824
[0.5,0.0,0.0,0.0,0.5];0.6828104263201302
[0.0,0.0,0.0,0.0,1.0];0.4450132898765287
