S=[LO,CX,DB,PX,RB];result
[1.0,0.0,0.0,0.0,0.0];0.6511290774835666
[0.0,1.0,0.0,0.0,0.0];0.5359304579744306
[0.0,0.0,1.0,0.0,0.0];0.40165509079867995
[0.0,0.0,0.0,1.0,0.0];0.525648687122374
[0.5,0.0,0.0,0.5,0.0];0.6936536156627631
[0.5,0.0,0.5,0.0,0.0];0.6251407391342549
[0.5,0.0,0.16666666666666666,0.16666666666666666,0.16666666666666666];0.739529694525211
[0.2,0.2,0.2,0.2,0.2];0.7233211157173332
[0.5,0.0,0.0,0.0,0.5];0.7043568152825105
[0.0,0.0,0.0,0.0,1.0];0.47589898325233915
