S=[LO,CX,DB,PX,RB];result
[1.0,0.0,0.0,0.0,0.0];0.715467383767094
[0.0,1.0,0.0,0.0,0.0];0.6318937393894648
[0.0,0.0,1.0,0.0,0.0];0.3436563942794775
[0.0,0.0,0.0,1.0,0.0];0.6359120469801145
[0.5,0.0,0.0,0.5,0.0];0.7236537370623153
[0.5,0.0,0.5,0.0,0.0];0.6999573091978406
[0.5,0.0,0.16666666666666666,0.16666666666666666,0.16666666666666666];0.6962635870254663
[0.2,0.2,0.2,0.2,0.2];0.709418196269864
[0.5,0.0,0.0,0.0,0.5];0.6926279190968443
[0.0,0.0,0.0,0.0,1.0];0.0
