S=[LO,CX,DB,PX,RB];result
[1.0,0.0,0.0,0.0,0.0];0.42752125114783535
[0.0,1.0,0.0,0.0,0.0];0.49429764871218773
[0.0,0.0,1.0,0.0,0.0];0.22928755553282842
[0.0,0.0,0.0,1.0,0.0];0.5300667197528592
[0.5,0.0,0.0,0.5,0.0];0.5910530966098166
[0.5,0.0,0.5,0.0,0.0];0.38030270974449965
[0.5,0.0,0.16666666666666666,0.16666666666666666,0.16666666666666666];0.5642387826799597
[0.2,0.2,0.2,0.2,0.2];0.6206741606395982
[0.5,0.0,0.0,0.0,0.5];0.6235139467512497
[0.0,0.0,0.0,0.0,1.0];0.562070891513494
