S=[LO,CX,DB,PX,RB];result
[1.0,0.0,0.0,0.0,0.0];0.6618584952287081
[0.0,1.0,0.0,0.0,0.0];0.5344828531984145
[0.0,0.0,1.0,0.0,0.0];0.36372236238518674
[0.0,0.0,0.0,1.0,0.0];0.47809937555520954
[0.5,0.0,0.0,0.5,0.0];0.6694254523850552
[0.5,0.0,0.5,0.0,0.0];0.661139603277239
[0.5,0.0,0.16666666666666666,0.16666666666666666,0.16666666666666666];0.7215491429253152
[0.2,0.2,0.2,0.2,0.2];0.7257133539916241
[0.5,0.0,0.0,0.0,0.5];0.7258748332218539
[0.0,0.0,0.0,0.0,1.0];0.4371741093449316
