S=[LO,CX,DB,PX,RB];result
[1.0,0.0,0.0,0.0,0.0];0.7242429508781392
[0.0,1.0,0.0,0.0,0.0];0.6449233922890698
[0.0,0.0,1.0,0.0,0.0];0.3833169657718539
[0.0,0.0,0.0,1.0,0.0];0.6064200476796036
[0.5,0.0,0.0,0.5,0.0];0.7312709977191835
[0.5,0.0,0.5,0.0,0.0];0.7205279923254535
[0.5,0.0,0.16666666666666666,0.16666666666666666,0.16666666666666666];0.7264513285813738
[0.2,0.2,0.2,0.2,0.2];0.706388639381909
[0.5,0.0,0.0,0.0,0.5];0.7026037996386141
[0.0,0.0,0.0,0.0,1.0];0.0
