S=[LO,CX,DB,PX,RB];result
[1.0,0.0,0.0,0.0,0.0];0.6612647173190025
[0.0,1.0,0.0,0.0,0.0];0.5983642466514221
[0.0,0.0,1.0,0.0,0.0];0.3006205909809999
[0.0,0.0,0.0,1.0,0.0];0.5657924566308192
[0.5,0.0,0.0,0.5,0.0];0.7158772234287738
[0.5,0.0,0.5,0.0,0.0];0.628919377721264
[0.5,0.0,0.16666666666666666,0.16666666666666666,0.16666666666666666];0.7501424190817896
[0.2,0.2,0.2,0.2,0.2];0.6950878284618454
[0.5,0.0,0.0,0.0,0.5];0.7230966274534052
[0.0,0.0,0.0,0.0,1.0];0.365407770277992
