S=[LO,CX,DB,PX,RB];result
[1.0,0.0,0.0,0.0,0.0];0.6380688252817001
[0.0,1.0,0.0,0.0,0.0];0.5423015779887197
[0.0,0.0,1.0,0.0,0.0];0.38797992447745533
[0.0,0.0,0.0,1.0,0.0];0.527387936625197
[0.5,0.0,0.0,0.5,0.0];0.6647895315293587
[0.5,0.0,0.5,0.0,0.0];0.637850221694235
[0.5,0.0,0.16666666666666666,0.16666666666666666,0.16666666666666666];0.723885018772864
[0.2,0.2,0.2,0.2,0.2];0.7045587594820129
[0.5,0.0,0.0,0.0,0.5];0.7250104297058924
[0.0,0.0,0.0,0.0,1.0];0.6439385056199296
