S=[LO,CX,DB,PX,RB];result
[1.0,0.0,0.0,0.0,0.0];0.6924842139746692
[0.0,1.0,0.0,0.0,0.0];0.5909726233983312
[0.0,0.0,1.0,0.0,0.0];0.42972211022524676
[0.0,0.0,0.0,1.0,0.0];0.5941257034653635
[0.5,0.0,0.0,0.5,0.0];0.6876323508610931
[0.5,0.0,0.5,0.0,0.0];0.691924759715169
[0.5,0.0,0.16666666666666666,0.16666666666666666,0.16666666666666666];0.7412375395809071
[0.2,0.2,0.2,0.2,0.2];0.7152115451619874
[0.5,0.0,0.0,0.0,0.5];0.7320850260539151
[0.0,0.0,0.0,0.0,1.0];0.6687989323508333
