S=[LO,CX,DB,PX,RB];result
[1.0,0.0,0.0,0.0,0.0];0.6282229642009063
[0.0,1.0,0.0,0.0,0.0];0.5252719321416399
[0.0,0.0,1.0,0.0,0.0];0.3935605244628787
[0.0,0.0,0.0,1.0,0.0];0.5690965482677395
[0.5,0.0,0.0,0.5,0.0];0.6538667076192359
[0.5,0.0,0.5,0.0,0.0];0.5754578190271303
[0.5,0.0,0.16666666666666666,0.16666666666666666,0.16666666666666666];0.6829815322487045
[0.2,0.2,0.2,0.2,0.2];0.7224331452253058
[0.5,0.0,0.0,0.0,0.5];0.6665259889709222
[0.0,0.0,0.0,0.0,1.0];0.5090171744182133
