S=[LO,CX,DB,PX,RB];result
[1.0,0.0,0.0,0.0,0.0];0.606118523364957
[0.0,1.0,0.0,0.0,0.0];0.5394748004212739
[0.0,0.0,1.0,0.0,0.0];0.4629240459003752
[0.0,0.0,0.0,1.0,0.0];0.5577410305574468
[0.5,0.0,0.0,0.5,0.0];0.6892534829384929
[0.5,0.0,0.5,0.0,0.0];0.6168466794735981
[0.5,0.0,0.16666666666666666,0.16666666666666666,0.16666666666666666];0.7266543529881822
[0.2,0.2,0.2,0.2,0.2];0.6913655636681756
[0.5,0.0,0.0,0.0,0.5];0.7027008900697137
[0.0,0.0,0.0,0.0,1.0];0.5687930447044187
