S=[LO,CX,DB,PX,RB];result
[1.0,0.0,0.0,0.0,0.0];0.675200311324287
[0.0,1.0,0.0,0.0,0.0];0.5304135182118885
[0.0,0.0,1.0,0.0,0.0];0.40897574893784366
[0.0,0.0,0.0,1.0,0.0];0.5200212222927058
[0.5,0.0,0.0,0.5,0.0];0.6475143860462917
[0.5,0.0,0.5,0.0,0.0];0.6470626581490273
[0.5,0.0,0.16666666666666666,0.16666666666666666,0.16666666666666666];0.7068303359569861
[0.2,0.2,0.2,0.2,0.2];0.7247694578681589
[0.5,0.0,0.0,0.0,0.5];0.6966831999795902
[0.0,0.0,0.0,0.0,1.0];0.48358239635726036
