S=[LO,CX,DB,PX,RB];result
[1.0,0.0,0.0,0.0,0.0];0.7371499354918238
[0.0,1.0,0.0,0.0,0.0];0.6383741238004575
[0.0,0.0,1.0,0.0,0.0];0.371467818897473
[0.0,0.0,0.0,1.0,0.0];0.6060959271510391
[0.5,0.0,0.0,0.5,0.0];0.760517883824685
[0.5,0.0,0.5,0.0,0.0];0.7208417512695349
[0.5,0.0,0.16666666666666666,0.16666666666666666,0.16666666666666666];0.7428616321984214
[0.2,0.2,0.2,0.2,0.2];0.6993337934722843
[0.5,0.0,0.0,0.0,0.5];0.7364359989086655
[0.0,0.0,0.0,0.0,1.0];0.5495597671350474
