S=[LO,CX,DB,PX,RB];result
[1.0,0.0,0.0,0.0,0.0];0.3938017914125177
[0.0,1.0,0.0,0.0,0.0];0.5189704848724692
[0.0,0.0,1.0,0.0,0.0];0.2927075862359641
[0.0,0.0,0.0,1.0,0.0];0.5171302044278676
[0.5,0.0,0.0,0.5,0.0];0.6466696537044418
[0.5,0.0,0.5,0.0,0.0];0.5642339760293498
[0.5,0.0,0.16666666666666666,0.16666666666666666,0.16666666666666666];0.598261536336359
[0.2,0.2,0.2,0.2,0.2];0.6098863059444779
[0.5,0.0,0.0,0.0,0.5];0.42681654471839303
[0.0,0.0,0.0,0.0,1.0];0.21313061882234297
