S=[LO,CX,DB,PX,RB];result
[1.0,0.0,0.0,0.0,0.0];0.7333777751912304
[0.0,1.0,0.0,0.0,0.0];0.6064111191819511
[0.0,0.0,1.0,0.0,0.0];0.39738989844980066
[0.0,0.0,0.0,1.0,0.0];0.6143054743681262
[0.5,0.0,0.0,0.5,0.0];0.7593649679634427
[0.5,0.0,0.5,0.0,0.0];0.7519092610178523
[0.5,0.0,0.16666666666666666,0.16666666666666666,0.16666666666666666];0.767269834288582
[0.2,0.2,0.2,0.2,0.2];0.7451377274634483
[0.5,0.0,0.0,0.0,0.5];0.7819512779562443
[0.0,0.0,0.0,0.0,1.0];0.7033378301516493
