S=[LO,CX,DB,PX,RB];result
[1.0,0.0,0.0,0.0,0.0];0.7807802942792401
[0.0,1.0,0.0,0.0,0.0];0.6021463013743459
[0.0,0.0,1.0,0.0,0.0];0.3672972420442723
[0.0,0.0,0.0,1.0,0.0];0.6332823444304487
[0.5,0.0,0.0,0.5,0.0];0.7442058952000303
[0.5,0.0,0.5,0.0,0.0];0.7345375396854931
[0.5,0.0,0.16666666666666666,0.16666666666666666,0.16666666666666666];0.7932902043550752
[0.2,0.2,0.2,0.2,0.2];0.7603117185384678
[0.5,0.0,0.0,0.0,0.5];0.8129088875029102
[0.0,0.0,0.0,0.0,1.0];0.6535567032995252
