S=[LO,CX,DB,PX,RB];result
[1.0,0.0,0.0,0.0,0.0];0.7866976278356697
[0.0,1.0,0.0,0.0,0.0];0.6203459942603087
[0.0,0.0,1.0,0.0,0.0];0.4241699537415242
[0.0,0.0,0.0,1.0,0.0];0.6131275374959457
[0.5,0.0,0.0,0.5,0.0];0.7872748192931178
[0.5,0.0,0.5,0.0,0.0];0.7715787724906769
[0.5,0.0,0.16666666666666666,0.16666666666666666,0.16666666666666666];0.756271693435167
[0.2,0.2,0.2,0.2,0.2];0.7514661675124807
[0.5,0.0,0.0,0.0,0.5];0.7291886548393129
[0.0,0.0,0.0,0.0,1.0];0.6744038731658387
