S=[LO,CX,DB,PX,RB];result
[1.0,0.0,0.0,0.0,0.0];0.3978179570828044
[0.0,1.0,0.0,0.0,0.0];0.3291034261883996
[0.0,0.0,1.0,0.0,0.0];0.20615980486860935
[0.0,0.0,0.0,1.0,0.0];0.5193005655034592
[0.5,0.0,0.0,0.5,0.0];0.5052590114510209
[0.5,0.0,0.5,0.0,0.0];0.40514777953185893
[0.5,0.0,0.16666666666666666,0.16666666666666666,0.16666666666666666];0.42649060332039984
[0.2,0.2,0.2,0.2,0.2];0.5297680639951834
[0.5,0.0,0.0,0.0,0.5];0.4175336960349112
[0.0,0.0,0.0,0.0,1.0];0.3148337780143575
