S=[LO,CX,DB,PX,RB];result
[1.0,0.0,0.0,0.0,0.0];0.6555107527367973
[0.0,1.0,0.0,0.0,0.0];0.5947292693411849
[0.0,0.0,1.0,0.0,0.0];0.4437703605375863
[0.0,0.0,0.0,1.0,0.0];0.5533738828990242
[0.5,0.0,0.0,0.5,0.0];0.7430108112601003
[0.5,0.0,0.5,0.0,0.0];0.6605559325857042
[0.5,0.0,0.16666666666666666,0.16666666666666666,0.16666666666666666];0.7353951540864766
[0.2,0.2,0.2,0.2,0.2];0.716409225236489
[0.5,0.0,0.0,0.0,0.5];0.735752898573079
[0.0,0.0,0.0,0.0,1.0];0.6990575039980371
