S=[LO,CX,DB,PX,RB];result
[1.0,0.0,0.0,0.0,0.0];0.7114174613866675
[0.0,1.0,0.0,0.0,0.0];0.6407375667673091
[0.0,0.0,1.0,0.0,0.0];0.446513427425211
[0.0,0.0,0.0,1.0,0.0];0.6342064994309158
[0.5,0.0,0.0,0.5,0.0];0.6996912683274317
[0.5,0.0,0.5,0.0,0.0];0.6417235176960374
[0.5,0.0,0.16666666666666666,0.16666666666666666,0.16666666666666666];0.7665870416352769
[0.2,0.2,0.2,0.2,0.2];0.7621285516492313
[0.5,0.0,0.0,0.0,0.5];0.8045507537727454
[0.0,0.0,0.0,0.0,1.0];0.587760736112441
