S=[LO,CX,DB,PX,RB];result
[1.0,0.0,0.0,0.0,0.0];0.7095685509325369
[0.0,1.0,0.0,0.0,0.0];0.6531330053255748
[0.0,0.0,1.0,0.0,0.0];0.4081475184554648
[0.0,0.0,0.0,1.0,0.0];0.6310044213619947
[0.5,0.0,0.0,0.5,0.0];0.7323727507912996
[0.5,0.0,0.5,0.0,0.0];0.72541395095994
[0.5,0.0,0.16666666666666666,0.16666666666666666,0.16666666666666666];0.7094397800074008
[0.2,0.2,0.2,0.2,0.2];0.7127183494584503
[0.5,0.0,0.0,0.0,0.5];0.6960085658586485
[0.0,0.0,0.0,0.0,1.0];0.26011551132273447
