S=[LO,CX,DB,PX,RB];result
[1.0,0.0,0.0,0.0,0.0];0.7003434886721686
[0.0,1.0,0.0,0.0,0.0];0.5608025666988936
[0.0,0.0,1.0,0.0,0.0];0.3462609216965742
[0.0,0.0,0.0,1.0,0.0];0.5252288088445163
[0.5,0.0,0.0,0.5,0.0];0.708778365957118
[0.5,0.0,0.5,0.0,0.0];0.7059600056377145
[0.5,0.0,0.16666666666666666,0.16666666666666666,0.16666666666666666];0.7203204385003308
[0.2,0.2,0.2,0.2,0.2];0.7901528098467816
[0.5,0.0,0.0,0.0,0.5];0.7591724870166154
[0.0,0.0,0.0,0.0,1.0];0.6414917898785286
