S=[LO,CX,DB,PX,RB];result
[1.0,0.0,0.0,0.0,0.0];0.690383447157431
[0.0,1.0,0.0,0.0,0.0];0.6084957464034686
[0.0,0.0,1.0,0.0,0.0];0.4451980249474802
[0.0,0.0,0.0,1.0,0.0];0.5946707749679101
[0.5,0.0,0.0,0.5,0.0];0.7171794401683723
[0.5,0.0,0.5,0.0,0.0];0.7219076132949387
[0.5,0.0,0.16666666666666666,0.16666666666666666,0.16666666666666666];0.735896360304628
[0.2,0.2,0.2,0.2,0.2];0.761343343590289
[0.5,0.0,0.0,0.0,0.5];0.7559517625497374
[0.0,0.0,0.0,0.0,1.0];0.7244146700870346
