S=[LO,CX,DB,PX,RB];result
[1.0,0.0,0.0,0.0,0.0];0.641382826110372
[0.0,1.0,0.0,0.0,0.0];0.47683580807491177
[0.0,0.0,1.0,0.0,0.0];0.3346773556731777
[0.0,0.0,0.0,1.0,0.0];0.4643318660258403
[0.5,0.0,0.0,0.5,0.0];0.6534683959147514
[0.5,0.0,0.5,0.0,0.0];0.6098239824468796
[0.5,0.0,0.16666666666666666,0.16666666666666666,0.16666666666666666];0.7257632466101688
[0.2,0.2,0.2,0.2,0.2];0.6953045224574896
[0.5,0.0,0.0,0.0,0.5];0.7170601388368278
[0.0,0.0,0.0,0.0,1.0];0.6780636565080906
