S=[LO,CX,DB,PX,RB];result
[1.0,0.0,0.0,0.0,0.0];0.7207614159902795
[0.0,1.0,0.0,0.0,0.0];0.5718531551084471
[0.0,0.0,1.0,0.0,0.0];0.44742230557142115
[0.0,0.0,0.0,1.0,0.0];0.5919080578020498
[0.5,0.0,0.0,0.5,0.0];0.7410297657711729
[0.5,0.0,0.5,0.0,0.0];0.7288659519725729
[0.5,0.0,0.16666666666666666,0.16666666666666666,0.16666666666666666];0.7519556131915747
[0.2,0.2,0.2,0.2,0.2];0.738532021667234
[0.5,0.0,0.0,0.0,0.5];0.7148980403633636
[0.0,0.0,0.0,0.0,1.0];0.5138113615882753
