S=[LO,CX,DB,PX,RB];result
[1.0,0.0,0.0,0.0,0.0];0.6989010211102791
[0.0,1.0,0.0,0.0,0.0];0.6050337707325184
[0.0,0.0,1.0,0.0,0.0];0.46231546325452044
[0.0,0.0,0.0,1.0,0.0];0.6281864889508662
[0.5,0.0,0.0,0.5,0.0];0.6870967528867916
[0.5,0.0,0.5,0.0,0.0];0.6322228218315473
[0.5,0.0,0.16666666666666666,0.16666666666666666,0.16666666666666666];0.7514779246927898
[0.2,0.2,0.2,0.2,0.2];0.7538085165593311
[0.5,0.0,0.0,0.0,0.5];0.7532607186707263
[0.0,0.0,0.0,0.0,1.0];0.6959644602175787
