S=[LO,CX,DB,PX,RB];result
[1.0,0.0,0.0,0.0,0.0];0.7621831847002423
[0.0,1.0,0.0,0.0,0.0];0.6334979890644552
[0.0,0.0,1.0,0.0,0.0];0.42119391820978413
[0.0,0.0,0.0,1.0,0.0];0.6044194825262463
[0.5,0.0,0.0,0.5,0.0];0.7694981288677034
[0.5,0.0,0.5,0.0,0.0];0.7413231245483815
[0.5,0.0,0.16666666666666666,0.16666666666666666,0.16666666666666666];0.7656371111152598
[0.2,0.2,0.2,0.2,0.2];0.7430310448559282
[0.5,0.0,0.0,0.0,0.5];0.7179313414988391
[0.0,0.0,0.0,0.0,1.0];0.0
