S=[LO,CX,DB,PX,RB];result
[1.0,0.0,0.0,0.0,0.0];0.8064882424307478
[0.0,1.0,0.0,0.0,0.0];0.682655589440232
[0.0,0.0,1.0,0.0,0.0];0.48876395582287135
[0.0,0.0,0.0,1.0,0.0];0.7009919199167558
[0.5,0.0,0.0,0.5,0.0];0.8029575261831887
[0.5,0.0,0.5,0.0,0.0];0.7703381702175266
[0.5,0.0,0.16666666666666666,0.16666666666666666,0.16666666666666666];0.7874838996802189
[0.2,0.2,0.2,0.2,0.2];0.7837807027860818
[0.5,0.0,0.0,0.0,0.5];0.777154831550063
[0.0,0.0,0.0,0.0,1.0];0.09903932364566177
