S=[LO,CX,DB,PX,RB];result
[1.0,0.0,0.0,0.0,0.0];0.5598950454079825
[0.0,1.0,0.0,0.0,0.0];0.5223232919586303
[0.0,0.0,1.0,0.0,0.0];0.3660469894636263
[0.0,0.0,0.0,1.0,0.0];0.5219287919402713
[0.5,0.0,0.0,0.5,0.0];0.6440870651834916
[0.5,0.0,0.5,0.0,0.0];0.6228978992270999
[0.5,0.0,0.16666666666666666,0.16666666666666666,0.16666666666666666];0.7272427301336115
[0.2,0.2,0.2,0.2,0.2];0.7330557555338453
[0.5,0.0,0.0,0.0,0.5];0.726004549281452
[0.0,0.0,0.0,0.0,1.0];0.6970232725772273
