S=[LO,CX,DB,PX,RB];result
[1.0,0.0,0.0,0.0,0.0];0.5579616369330809
[0.0,1.0,0.0,0.0,0.0];0.4872115195876705
[0.0,0.0,1.0,0.0,0.0];0.2293081498252394
[0.0,0.0,0.0,1.0,0.0];0.42430479876763805
[0.5,0.0,0.0,0.5,0.0];0.6260759902283737
[0.5,0.0,0.5,0.0,0.0];0.6141739092222432
[0.5,0.0,0.16666666666666666,0.16666666666666666,0.16666666666666666];0.6357437568508579
[0.2,0.2,0.2,0.2,0.2];0.6995080976144965
[0.5,0.0,0.0,0.0,0.5];0.7247611078394817
[0.0,0.0,0.0,0.0,1.0];0.35970819740279264
