S=[LO,CX,DB,PX,RB];result
[1.0,0.0,0.0,0.0,0.0];0.7148247176334364
[0.0,1.0,0.0,0.0,0.0];0.6301543381971264
[0.0,0.0,1.0,0.0,0.0];0.34379164868653306
[0.0,0.0,0.0,1.0,0.0];0.67985693760792
[0.5,0.0,0.0,0.5,0.0];0.7131768993835379
[0.5,0.0,0.5,0.0,0.0];0.6995033184873105
[0.5,0.0,0.16666666666666666,0.16666666666666666,0.16666666666666666];0.7284952676480005
[0.2,0.2,0.2,0.2,0.2];0.7093865977925069
[0.5,0.0,0.0,0.0,0.5];0.6868636546286107
[0.0,0.0,0.0,0.0,1.0];0.0
