S=[LO,CX,DB,PX,RB];result
[1.0,0.0,0.0,0.0,0.0];0.36571345917624365
[0.0,1.0,0.0,0.0,0.0];0.4359195121691444
[0.0,0.0,1.0,0.0,0.0];0.22456563335507085
[0.0,0.0,0.0,1.0,0.0];0.45231124825896835
[0.5,0.0,0.0,0.5,0.0];0.5573320011171834
[0.5,0.0,0.5,0.0,0.0];0.3534666066121147
[0.5,0.0,0.16666666666666666,0.16666666666666666,0.16666666666666666];0.5933773004430529
[0.2,0.2,0.2,0.2,0.2];0.5987279619574153
[0.5,0.0,0.0,0.0,0.5];0.6268146191157459
[0.0,0.0,0.0,0.0,1.0];0.5874107624866285
