S=[LO,CX,DB,PX,RB];result
[1.0,0.0,0.0,0.0,0.0];0.7045295837315448
[0.0,1.0,0.0,0.0,0.0];0.6264769820294152
[0.0,0.0,1.0,0.0,0.0];0.31949608714514904
[0.0,0.0,0.0,1.0,0.0];0.6025958158159332
[0.5,0.0,0.0,0.5,0.0];0.7004372064976889
[0.5,0.0,0.5,0.0,0.0];0.6905890601287906
[0.5,0.0,0.16666666666666666,0.16666666666666666,0.16666666666666666];0.7111175600986253
[0.2,0.2,0.2,0.2,0.2];0.6790668187320578
[0.5,0.0,0.0,0.0,0.5];0.6795377245290339
[0.0,0.0,0.0,0.0,1.0];0.0
