S=[LO,CX,DB,PX,RB];result
[1.0,0.0,0.0,0.0,0.0];0.7382751168045752
[0.0,1.0,0.0,0.0,0.0];0.6791593856573364
[0.0,0.0,1.0,0.0,0.0];0.39633271930099545
[0.0,0.0,0.0,1.0,0.0];0.6825045758090829
[0.5,0.0,0.0,0.5,0.0];0.7559404495478969
[0.5,0.0,0.5,0.0,0.0];0.7096568311187904
[0.5,0.0,0.16666666666666666,0.16666666666666666,0.16666666666666666];0.7933327615602432
[0.2,0.2,0.2,0.2,0.2];0.7973808534668441
[0.5,0.0,0.0,0.0,0.5];0.7909747125332863
[0.0,0.0,0.0,0.0,1.0];0.7609914498564427
