S=[LO,CX,DB,PX,RB];result
[1.0,0.0,0.0,0.0,0.0];0.4349443754550005
[0.0,1.0,0.0,0.0,0.0];0.3967055526501892
[0.0,0.0,1.0,0.0,0.0];0.2258175486496008
[0.0,0.0,0.0,1.0,0.0];0.38876159148382383
[0.5,0.0,0.0,0.5,0.0];0.4454607077213635
[0.5,0.0,0.5,0.0,0.0];0.4602452283827769
[0.5,0.0,0.16666666666666666,0.16666666666666666,0.16666666666666666];0.4949492204397435
[0.2,0.2,0.2,0.2,0.2];0.4824936332275759
[0.5,0.0,0.0,0.0,0.5];0.5084437224760063
[0.0,0.0,0.0,0.0,1.0];0.40701850200458023
