S=[LO,CX,DB,PX,RB];result
[1.0,0.0,0.0,0.0,0.0];0.6741459308877599
[0.0,1.0,0.0,0.0,0.0];0.550473099138213
[0.0,0.0,1.0,0.0,0.0];0.39225427194166607
[0.0,0.0,0.0,1.0,0.0];0.5790767215239243
[0.5,0.0,0.0,0.5,0.0];0.7004168298024993
[0.5,0.0,0.5,0.0,0.0];0.6592553544905388
[0.5,0.0,0.16666666666666666,0.16666666666666666,0.16666666666666666];0.7263265950595736
[0.2,0.2,0.2,0.2,0.2];0.7539842782209236
[0.5,0.0,0.0,0.0,0.5];0.7418967163100969
[0.0,0.0,0.0,0.0,1.0];0.6935063268215925
