S=[LO,CX,DB,PX,RB];result
[1.0,0.0,0.0,0.0,0.0];0.6345860703589918
[0.0,1.0,0.0,0.0,0.0];0.46070011736166816
[0.0,0.0,1.0,0.0,0.0];0.305805884295895
[0.0,0.0,0.0,1.0,0.0];0.4972374780983689
[0.5,0.0,0.0,0.5,0.0];0.629048048094776
[0.5,0.0,0.5,0.0,0.0];0.5632177937955156
[0.5,0.0,0.16666666666666666,0.16666666666666666,0.16666666666666666];0.6940411408082438
[0.2,0.2,0.2,0.2,0.2];0.7206048979750133
[0.5,0.0,0.0,0.0,0.5];0.73266831771934
[0.0,0.0,0.0,0.0,1.0];0.6617903375784095
