S=[LO,CX,DB,PX,RB];result
[1.0,0.0,0.0,0.0,0.0];0.6893104758517712
[0.0,1.0,0.0,0.0,0.0];0.5241012958440125
[0.0,0.0,1.0,0.0,0.0];0.37559687714360684
[0.0,0.0,0.0,1.0,0.0];0.5299524917873626
[0.5,0.0,0.0,0.5,0.0];0.7205362209038065
[0.5,0.0,0.5,0.0,0.0];0.6286854740112697
[0.5,0.0,0.16666666666666666,0.16666666666666666,0.16666666666666666];0.7434914748218074
[0.2,0.2,0.2,0.2,0.2];0.7245040091370933
[0.5,0.0,0.0,0.0,0.5];0.7285322852931349
[0.0,0.0,0.0,0.0,1.0];0.5822019850882435
