S=[LO,CX,DB,PX,RB];result
[1.0,0.0,0.0,0.0,0.0];0.6958730053839988
[0.0,1.0,0.0,0.0,0.0];0.49081965190598276
[0.0,0.0,1.0,0.0,0.0];0.3729344499241455
[0.0,0.0,0.0,1.0,0.0];0.5011629417817436
[0.5,0.0,0.0,0.5,0.0];0.6567657042823627
[0.5,0.0,0.5,0.0,0.0];0.6848536936715274
[0.5,0.0,0.16666666666666666,0.16666666666666666,0.16666666666666666];0.7156675941050348
[0.2,0.2,0.2,0.2,0.2];0.7463543005916116
[0.5,0.0,0.0,0.0,0.5];0.7453136611631241
[0.0,0.0,0.0,0.0,1.0];0.5401813914814323
