S=[LO,CX,DB,PX,RB];result
[1.0,0.0,0.0,0.0,0.0];0.708721239222132
[0.0,1.0,0.0,0.0,0.0];0.6233785919553075
[0.0,0.0,1.0,0.0,0.0];0.3138782907297316
[0.0,0.0,0.0,1.0,0.0];0.6521527691966069
[0.5,0.0,0.0,0.5,0.0];0.7190064503243412
[0.5,0.0,0.5,0.0,0.0];0.6905767463426354
[0.5,0.0,0.16666666666666666,0.16666666666666666,0.16666666666666666];0.7266279354512339
[0.2,0.2,0.2,0.2,0.2];0.7020073628634618
[0.5,0.0,0.0,0.0,0.5];0.7113373551613693
[0.0,0.0,0.0,0.0,1.0];0.01813782793726914
