S=[LO,CX,DB,PX,RB];result
[1.0,0.0,0.0,0.0,0.0];0.7546274542583126
[0.0,1.0,0.0,0.0,0.0];0.6799253825795911
[0.0,0.0,1.0,0.0,0.0];0.40797516501161574
[0.0,0.0,0.0,1.0,0.0];0.6383109968725349
[0.5,0.0,0.0,0.5,0.0];0.7484336331958594
[0.5,0.0,0.5,0.0,0.0];0.7365755956645608
[0.5,0.0,0.16666666666666666,0.16666666666666666,0.16666666666666666];0.7536091871954287
[0.2,0.2,0.2,0.2,0.2];0.7574070509443291
[0.5,0.0,0.0,0.0,0.5];0.735556379977888
[0.0,0.0,0.0,0.0,1.0];0.6400794487657542
