S=[LO,CX,DB,PX,RB];result
[1.0,0.0,0.0,0.0,0.0];0.6768255679960955
[0.0,1.0,0.0,0.0,0.0];0.511509735242312
[0.0,0.0,1.0,0.0,0.0];0.40487468792908776
[0.0,0.0,0.0,1.0,0.0];0.575153510480023
[0.5,0.0,0.0,0.5,0.0];0.6825935360075187
[0.5,0.0,0.5,0.0,0.0];0.6670400045882328
[0.5,0.0,0.16666666666666666,0.16666666666666666,0.16666666666666666];0.7529904408040204
[0.2,0.2,0.2,0.2,0.2];0.7378829423846147
[0.5,0.0,0.0,0.0,0.5];0.7295126580834392
[0.0,0.0,0.0,0.0,1.0];0.6619646204184216
