S=[LO,CX,DB,PX,RB];result
[1.0,0.0,0.0,0.0,0.0];0.6894411503154159
[0.0,1.0,0.0,0.0,0.0];0.5275917237703319
[0.0,0.0,1.0,0.0,0.0];0.38061704570759214
[0.0,0.0,0.0,1.0,0.0];0.6124868637551912
[0.5,0.0,0.0,0.5,0.0];0.7194775464488239
[0.5,0.0,0.5,0.0,0.0];0.6550494036409524
[0.5,0.0,0.16666666666666666,0.16666666666666666,0.16666666666666666];0.7434985158601707
[0.2,0.2,0.2,0.2,0.2];0.751767979899257
[0.5,0.0,0.0,0.0,0.5];0.7471860214945327
[0.0,0.0,0.0,0.0,1.0];0.6389136342428972
