S=[LO,CX,DB,PX,RB];result
[1.0,0.0,0.0,0.0,0.0];0.683700911443688
[0.0,1.0,0.0,0.0,0.0];0.5880185228058933
[0.0,0.0,1.0,0.0,0.0];0.36298507809319025
[0.0,0.0,0.0,1.0,0.0];0.5780480684955633
[0.5,0.0,0.0,0.5,0.0];0.6903179928251003
[0.5,0.0,0.5,0.0,0.0];0.6555856410471841
[0.5,0.0,0.16666666666666666,0.16666666666666666,0.16666666666666666];0.7155298920331071
[0.2,0.2,0.2,0.2,0.2];0.7209865139621697
[0.5,0.0,0.0,0.0,0.5];0.7518998974086686
[0.0,0.0,0.0,0.0,1.0];0.6759984401306844
