S=[LO,CX,DB,PX,RB];result
[1.0,0.0,0.0,0.0,0.0];0.6723945232658015
[0.0,1.0,0.0,0.0,0.0];0.5101248924080051
[0.0,0.0,1.0,0.0,0.0];0.3520354324306152
[0.0,0.0,0.0,1.0,0.0];0.4821780993087076
[0.5,0.0,0.0,0.5,0.0];0.7044225901193903
[0.5,0.0,0.5,0.0,0.0];0.6589525391104318
[0.5,0.0,0.16666666666666666,0.16666666666666666,0.16666666666666666];0.7524571900991535
[0.2,0.2,0.2,0.2,0.2];0.735701231460665
[0.5,0.0,0.0,0.0,0.5];0.6845563487108359
[0.0,0.0,0.0,0.0,1.0];0.4161849596584018
