S=[LO,CX,DB,PX,RB];result
[1.0,0.0,0.0,0.0,0.0];0.6452104201751339
[0.0,1.0,0.0,0.0,0.0];0.5356545399716137
[0.0,0.0,1.0,0.0,0.0];0.3376172058825103
[0.0,0.0,0.0,1.0,0.0];0.5007709525039103
[0.5,0.0,0.0,0.5,0.0];0.6492983723894212
[0.5,0.0,0.5,0.0,0.0];0.592309356804209
[0.5,0.0,0.16666666666666666,0.16666666666666666,0.16666666666666666];0.7486065761087235
[0.2,0.2,0.2,0.2,0.2];0.7048904145117842
[0.5,0.0,0.0,0.0,0.5];0.7007243994276522
[0.0,0.0,0.0,0.0,1.0];0.45538346866922674
