S=[LO,CX,DB,PX,RB];result
[1.0,0.0,0.0,0.0,0.0];0.7270721759311578
[0.0,1.0,0.0,0.0,0.0];0.5524013580303606
[0.0,0.0,1.0,0.0,0.0];0.3983381762282555
[0.0,0.0,0.0,1.0,0.0];0.5897137181781116
[0.5,0.0,0.0,0.5,0.0];0.6867278780943564
[0.5,0.0,0.5,0.0,0.0];0.6564152180290652
[0.5,0.0,0.16666666666666666,0.16666666666666666,0.16666666666666666];0.6928144953727633
[0.2,0.2,0.2,0.2,0.2];0.7289256775830182
[0.5,0.0,0.0,0.0,0.5];0.6871127433951041
[0.0,0.0,0.0,0.0,1.0];0.5640579494446507
