S=[LO,CX,DB,PX,RB];result
[1.0,0.0,0.0,0.0,0.0];0.5956004949314357
[0.0,1.0,0.0,0.0,0.0];0.4397670946474133
[0.0,0.0,1.0,0.0,0.0];0.3142584876857901
[0.0,0.0,0.0,1.0,0.0];0.4366292375751028
[0.5,0.0,0.0,0.5,0.0];0.6282915908767234
[0.5,0.0,0.5,0.0,0.0];0.656975781943927
[0.5,0.0,0.16666666666666666,0.16666666666666666,0.16666666666666666];0.7219679274754827
[0.2,0.2,0.2,0.2,0.2];0.7400636129019168
[0.5,0.0,0.0,0.0,0.5];0.7327500947884065
[0.0,0.0,0.0,0.0,1.0];0.6031101868575481
