S=[LO,CX,DB,PX,RB];result
[1.0,0.0,0.0,0.0,0.0];0.44698185142737445
[0.0,1.0,0.0,0.0,0.0];0.35153196877518755
[0.0,0.0,1.0,0.0,0.0];0.30395330397997733
[0.0,0.0,0.0,1.0,0.0];0.5224601758310666
[0.5,0.0,0.0,0.5,0.0];0.538514352382517
[0.5,0.0,0.5,0.0,0.0];0.42078989299960584
[0.5,0.0,0.16666666666666666,0.16666666666666666,0.16666666666666666];0.5736562269523595
[0.2,0.2,0.2,0.2,0.2];0.6523500108523138
[0.5,0.0,0.0,0.0,0.5];0.43441894049296714
[0.0,0.0,0.0,0.0,1.0];0.425167433040724
