S=[LO,CX,DB,PX,RB];result
[1.0,0.0,0.0,0.0,0.0];0.6051946692589256
[0.0,1.0,0.0,0.0,0.0];0.42181029820812155
[0.0,0.0,1.0,0.0,0.0];0.32491187816621486
[0.0,0.0,0.0,1.0,0.0];0.4221024984092475
[0.5,0.0,0.0,0.5,0.0];0.6769218796006067
[0.5,0.0,0.5,0.0,0.0];0.6269076222989047
[0.5,0.0,0.16666666666666666,0.16666666666666666,0.16666666666666666];0.6266629099404761
[0.2,0.2,0.2,0.2,0.2];0.6378887619529823
[0.5,0.0,0.0,0.0,0.5];0.6239259308046023
[0.0,0.0,0.0,0.0,1.0];0.431472289049586
