S=[LO,CX,DB,PX,RB];result
[1.0,0.0,0.0,0.0,0.0];0.45972085619663833
[0.0,1.0,0.0,0.0,0.0];0.41091850501040006
[0.0,0.0,1.0,0.0,0.0];0.2818304918843408
[0.0,0.0,0.0,1.0,0.0];0.5713083685700666
[0.5,0.0,0.0,0.5,0.0];0.6318025105614502
[0.5,0.0,0.5,0.0,0.0];0.42355768041693853
[0.5,0.0,0.16666666666666666,0.16666666666666666,0.16666666666666666];0.6108942723054975
[0.2,0.2,0.2,0.2,0.2];0.5990324371495608
[0.5,0.0,0.0,0.0,0.5];0.5215668590952075
[0.0,0.0,0.0,0.0,1.0];0.3931753935475629
