S=[LO,CX,DB,PX,RB];result
[1.0,0.0,0.0,0.0,0.0];0.6238033164650498
[0.0,1.0,0.0,0.0,0.0];0.5520599021062884
[0.0,0.0,1.0,0.0,0.0];0.3634424492985343
[0.0,0.0,0.0,1.0,0.0];0.5621109434790594
[0.5,0.0,0.0,0.5,0.0];0.6058719556897985
[0.5,0.0,0.5,0.0,0.0];0.6303719420897291
[0.5,0.0,0.16666666666666666,0.16666666666666666,0.16666666666666666];0.6577625530600616
[0.2,0.2,0.2,0.2,0.2];0.7187799888836551
[0.5,0.0,0.0,0.0,0.5];0.7554416341663761
[0.0,0.0,0.0,0.0,1.0];0.6835177212313386
