S=[LO,CX,DB,PX,RB];result
[1.0,0.0,0.0,0.0,0.0];0.5855819064653061
[0.0,1.0,0.0,0.0,0.0];0.45484735717828906
[0.0,0.0,1.0,0.0,0.0];0.25856570093197634
[0.0,0.0,0.0,1.0,0.0];0.4420707519254796
[0.5,0.0,0.0,0.5,0.0];0.5595260403464714
[0.5,0.0,0.5,0.0,0.0];0.5828101211308006
[0.5,0.0,0.16666666666666666,0.16666666666666666,0.16666666666666666];0.7157287460344526
[0.2,0.2,0.2,0.2,0.2];0.7075681458424463
[0.5,0.0,0.0,0.0,0.5];0.6443446933190621
[0.0,0.0,0.0,0.0,1.0];0.6547048908174862
