S=[LO,CX,DB,PX,RB];result
[1.0,0.0,0.0,0.0,0.0];0.6854311279928222
[0.0,1.0,0.0,0.0,0.0];0.5265124735620017
[0.0,0.0,1.0,0.0,0.0];0.3947204420692878
[0.0,0.0,0.0,1.0,0.0];0.5516047996576798
[0.5,0.0,0.0,0.5,0.0];0.6917959378839126
[0.5,0.0,0.5,0.0,0.0];0.6559006294500339
[0.5,0.0,0.16666666666666666,0.16666666666666666,0.16666666666666666];0.7156486124755134
[0.2,0.2,0.2,0.2,0.2];0.7310821443595894
[0.5,0.0,0.0,0.0,0.5];0.6873246806218472
[0.0,0.0,0.0,0.0,1.0];0.46587630803304414
