S=[LO,CX,DB,PX,RB];result
[1.0,0.0,0.0,0.0,0.0];0.6832870587616988
[0.0,1.0,0.0,0.0,0.0];0.479288519298093
[0.0,0.0,1.0,0.0,0.0];0.37227438189107787
[0.0,0.0,0.0,1.0,0.0];0.49891759505109357
[0.5,0.0,0.0,0.5,0.0];0.7160027996192385
[0.5,0.0,0.5,0.0,0.0];0.6840640083603378
[0.5,0.0,0.16666666666666666,0.16666666666666666,0.16666666666666666];0.7386330887813836
[0.2,0.2,0.2,0.2,0.2];0.7294959241439629
[0.5,0.0,0.0,0.0,0.5];0.7241655047254321
[0.0,0.0,0.0,0.0,1.0];0.591147771305636
