S=[LO,CX,DB,PX,RB];result
[1.0,0.0,0.0,0.0,0.0];0.7155457786269752
[0.0,1.0,0.0,0.0,0.0];0.550138576231052
[0.0,0.0,1.0,0.0,0.0];0.3877484208255577
[0.0,0.0,0.0,1.0,0.0];0.6032892356715922
[0.5,0.0,0.0,0.5,0.0];0.7505943055990324
[0.5,0.0,0.5,0.0,0.0];0.7093910968622303
[0.5,0.0,0.16666666666666666,0.16666666666666666,0.16666666666666666];0.7698368490953249
[0.2,0.2,0.2,0.2,0.2];0.743037045872576
[0.5,0.0,0.0,0.0,0.5];0.7139989589575
[0.0,0.0,0.0,0.0,1.0];0.6513070692509908
