S=[LO,CX,DB,PX,RB];result
[1.0,0.0,0.0,0.0,0.0];0.48096150976151997
[0.0,1.0,0.0,0.0,0.0];0.40702297120910996
[0.0,0.0,1.0,0.0,0.0];0.27201683695319795
[0.0,0.0,0.0,1.0,0.0];0.416327304723147
[0.5,0.0,0.0,0.5,0.0];0.4448669979979488
[0.5,0.0,0.5,0.0,0.0];0.46556046481747076
[0.5,0.0,0.16666666666666666,0.16666666666666666,0.16666666666666666];0.5217902974414008
[0.2,0.2,0.2,0.2,0.2];0.5393394397771683
[0.5,0.0,0.0,0.0,0.5];0.5363004434354339
[0.0,0.0,0.0,0.0,1.0];0.45708867902130734
