S=[LO,CX,DB,PX,RB];result
[1.0,0.0,0.0,0.0,0.0];0.7282245296728366
[0.0,1.0,0.0,0.0,0.0];0.6589347913213748
[0.0,0.0,1.0,0.0,0.0];0.36982693218145557
[0.0,0.0,0.0,1.0,0.0];0.6586711184233489
[0.5,0.0,0.0,0.5,0.0];0.7130823959811267
[0.5,0.0,0.5,0.0,0.0];0.713640307499311
[0.5,0.0,0.16666666666666666,0.16666666666666666,0.16666666666666666];0.7262591080340881
[0.2,0.2,0.2,0.2,0.2];0.7191039218228136
[0.5,0.0,0.0,0.0,0.5];0.6950997784216264
[0.0,0.0,0.0,0.0,1.0];0.4974740050194063
