S=[LO,CX,DB,PX,RB];result
[1.0,0.0,0.0,0.0,0.0];0.6960129910841991
[0.0,1.0,0.0,0.0,0.0];0.5741366649428015
[0.0,0.0,1.0,0.0,0.0];0.4295915190045534
[0.0,0.0,0.0,1.0,0.0];0.5579048082925602
[0.5,0.0,0.0,0.5,0.0];0.6739736293224652
[0.5,0.0,0.5,0.0,0.0];0.6540805134175489
[0.5,0.0,0.16666666666666666,0.16666666666666666,0.16666666666666666];0.7548809313694758
[0.2,0.2,0.2,0.2,0.2];0.7370558091778827
[0.5,0.0,0.0,0.0,0.5];0.735651619462683
[0.0,0.0,0.0,0.0,1.0];0.6224753340159959
