S=[LO,CX,DB,PX,RB];result
[1.0,0.0,0.0,0.0,0.0];0.7200904052469708
[0.0,1.0,0.0,0.0,0.0];0.5777654189496558
[0.0,0.0,1.0,0.0,0.0];0.41707245047861574
[0.0,0.0,0.0,1.0,0.0];0.5875155815544055
[0.5,0.0,0.0,0.5,0.0];0.7240241319811926
[0.5,0.0,0.5,0.0,0.0];0.697963354560807
[0.5,0.0,0.16666666666666666,0.16666666666666666,0.16666666666666666];0.7610637426291397
[0.2,0.2,0.2,0.2,0.2];0.7779107298694505
[0.5,0.0,0.0,0.0,0.5];0.7790004476534617
[0.0,0.0,0.0,0.0,1.0];0.4610091004760699
