S=[LO,CX,DB,PX,RB];result
[1.0,0.0,0.0,0.0,0.0];0.495415262553603
[0.0,1.0,0.0,0.0,0.0];0.3571645028512395
[0.0,0.0,1.0,0.0,0.0];0.2716595963271291
[0.0,0.0,0.0,1.0,0.0];0.32126715686719465
[0.5,0.0,0.0,0.5,0.0];0.5223536197256649
[0.5,0.0,0.5,0.0,0.0];0.47074845747500815
[0.5,0.0,0.16666666666666666,0.16666666666666666,0.16666666666666666];0.5330912706985503
[0.2,0.2,0.2,0.2,0.2];0.5210989244311661
[0.5,0.0,0.0,0.0,0.5];0.5068557187535674
[0.0,0.0,0.0,0.0,1.0];0.42862509690178224
