S=[LO,CX,DB,PX,RB];result
[1.0,0.0,0.0,0.0,0.0];0.7493070340880241
[0.0,1.0,0.0,0.0,0.0];0.6069270856610218
[0.0,0.0,1.0,0.0,0.0];0.3789526943018354
[0.0,0.0,0.0,1.0,0.0];0.6666360012958437
[0.5,0.0,0.0,0.5,0.0];0.739783956772611
[0.5,0.0,0.5,0.0,0.0];0.7401759964431495
[0.5,0.0,0.16666666666666666,0.16666666666666666,0.16666666666666666];0.7540940999936296
[0.2,0.2,0.2,0.2,0.2];0.7315092955467157
[0.5,0.0,0.0,0.0,0.5];0.7207421127969267
[0.0,0.0,0.0,0.0,1.0];0.5961744933229225
