S=[LO,CX,DB,PX,RB];result
[1.0,0.0,0.0,0.0,0.0];0.6474943949885177
[0.0,1.0,0.0,0.0,0.0];0.5615668222088868
[0.0,0.0,1.0,0.0,0.0];0.3800386134581999
[0.0,0.0,0.0,1.0,0.0];0.5706281659796916
[0.5,0.0,0.0,0.5,0.0];0.6573116959519074
[0.5,0.0,0.5,0.0,0.0];0.652394918116686
[0.5,0.0,0.16666666666666666,0.16666666666666666,0.16666666666666666];0.784959558044821
[0.2,0.2,0.2,0.2,0.2];0.7818875363942477
[0.5,0.0,0.0,0.0,0.5];0.7892972515042695
[0.0,0.0,0.0,0.0,1.0];0.759337860792417
