S=[LO,CX,DB,PX,RB];result
[1.0,0.0,0.0,0.0,0.0];0.7515085203794813
[0.0,1.0,0.0,0.0,0.0];0.6525727551948312
[0.0,0.0,1.0,0.0,0.0];0.42745722459796687
[0.0,0.0,0.0,1.0,0.0];0.6878408066879235
[0.5,0.0,0.0,0.5,0.0];0.7454061488690669
[0.5,0.0,0.5,0.0,0.0];0.7070161372551228
[0.5,0.0,0.16666666666666666,0.16666666666666666,0.16666666666666666];0.7552361368415931
[0.2,0.2,0.2,0.2,0.2];0.7423061841116336
[0.5,0.0,0.0,0.0,0.5];0.7224686340614852
[0.0,0.0,0.0,0.0,1.0];0.012361290012594034
