S=[LO,CX,DB,PX,RB];result
[1.0,0.0,0.0,0.0,0.0];0.339491705518879
[0.0,1.0,0.0,0.0,0.0];0.4331927140083415
[0.0,0.0,1.0,0.0,0.0];0.1393304091388138
[0.0,0.0,0.0,1.0,0.0];0.4270693836276558
[0.5,0.0,0.0,0.5,0.0];0.5477057337046285
[0.5,0.0,0.5,0.0,0.0];0.31137307535515674
[0.5,0.0,0.16666666666666666,0.16666666666666666,0.16666666666666666];0.4713813862692845
[0.2,0.2,0.2,0.2,0.2];0.5991958441724563
[0.5,0.0,0.0,0.0,0.5];0.5837981171795363
[0.0,0.0,0.0,0.0,1.0];0.49671134079349294
