S=[LO,CX,DB,PX,RB];result
[1.0,0.0,0.0,0.0,0.0];0.7461830084905969
[0.0,1.0,0.0,0.0,0.0];0.6019471915696435
[0.0,0.0,1.0,0.0,0.0];0.3923715944006273
[0.0,0.0,0.0,1.0,0.0];0.5920770100833694
[0.5,0.0,0.0,0.5,0.0];0.7355981383213999
[0.5,0.0,0.5,0.0,0.0];0.7220322427717807
[0.5,0.0,0.16666666666666666,0.16666666666666666,0.16666666666666666];0.7461100611969036
[0.2,0.2,0.2,0.2,0.2];0.7546782972364714
[0.5,0.0,0.0,0.0,0.5];0.7246632892953302
[0.0,0.0,0.0,0.0,1.0];0.6444678924200122
