S=[LO,CX,DB,PX,RB];result
[1.0,0.0,0.0,0.0,0.0];0.7497997309166891
[0.0,1.0,0.0,0.0,0.0];0.6099939020033247
[0.0,0.0,1.0,0.0,0.0];0.2887047628547969
[0.0,0.0,0.0,1.0,0.0];0.6320310855540814
[0.5,0.0,0.0,0.5,0.0];0.7203581556966804
[0.5,0.0,0.5,0.0,0.0];0.7256498664106614
[0.5,0.0,0.16666666666666666,0.16666666666666666,0.16666666666666666];0.752597497195649
[0.2,0.2,0.2,0.2,0.2];0.7154280681761078
[0.5,0.0,0.0,0.0,0.5];0.7180680991191898
[0.0,0.0,0.0,0.0,1.0];0.0
