S=[LO,CX,DB,PX,RB];result
[1.0,0.0,0.0,0.0,0.0];0.3042307406908177
[0.0,1.0,0.0,0.0,0.0];0.47399903148095957
[0.0,0.0,1.0,0.0,0.0];0.16160198945430193
[0.0,0.0,0.0,1.0,0.0];0.49688148016381706
[0.5,0.0,0.0,0.5,0.0];0.6022347442719859
[0.5,0.0,0.5,0.0,0.0];0.3287727452553485
[0.5,0.0,0.16666666666666666,0.16666666666666666,0.16666666666666666];0.6282593992715195
[0.2,0.2,0.2,0.2,0.2];0.588322819270681
[0.5,0.0,0.0,0.0,0.5];0.6000776585594536
[0.0,0.0,0.0,0.0,1.0];0.550561882561863
