S=[LO,CX,DB,PX,RB];result
[1.0,0.0,0.0,0.0,0.0];0.5833244719093451
[0.0,1.0,0.0,0.0,0.0];0.5135633172020757
[0.0,0.0,1.0,0.0,0.0];0.3582219247257278
[0.0,0.0,0.0,1.0,0.0];0.5184703834659501
[0.5,0.0,0.0,0.5,0.0];0.6115738714812053
[0.5,0.0,0.5,0.0,0.0];0.6310190861042448
[0.5,0.0,0.16666666666666666,0.16666666666666666,0.16666666666666666];0.7084607712010296
[0.2,0.2,0.2,0.2,0.2];0.6858177114918143
[0.5,0.0,0.0,0.0,0.5];0.6623407985683263
[0.0,0.0,0.0,0.0,1.0];0.3938421987127463
