S=[LO,CX,DB,PX,RB];result
[1.0,0.0,0.0,0.0,0.0];0.7194968392016708
[0.0,1.0,0.0,0.0,0.0];0.4782033749591451
[0.0,0.0,1.0,0.0,0.0];0.3544053744240435
[0.0,0.0,0.0,1.0,0.0];0.511041077255369
[0.5,0.0,0.0,0.5,0.0];0.7588668428906735
[0.5,0.0,0.5,0.0,0.0];0.7179782185588095
[0.5,0.0,0.16666666666666666,0.16666666666666666,0.16666666666666666];0.8045513581846878
[0.2,0.2,0.2,0.2,0.2];0.7957872591532471
[0.5,0.0,0.0,0.0,0.5];0.6921653613843677
[0.0,0.0,0.0,0.0,1.0];0.47050435902888776
