S=[LO,CX,DB,PX,RB];result
[1.0,0.0,0.0,0.0,0.0];0.3033470808452718
[0.0,1.0,0.0,0.0,0.0];0.5239717119594453
[0.0,0.0,1.0,0.0,0.0];0.2027635308872402
[0.0,0.0,0.0,1.0,0.0];0.5294843697106746
[0.5,0.0,0.0,0.5,0.0];0.5805201451447708
[0.5,0.0,0.5,0.0,0.0];0.2716980511901673
[0.5,0.0,0.16666666666666666,0.16666666666666666,0.16666666666666666];0.4779893693286188
[0.2,0.2,0.2,0.2,0.2];0.5939774136204351
[0.5,0.0,0.0,0.0,0.5];0.5941493366560544
[0.0,0.0,0.0,0.0,1.0];0.5683541597477624
