S=[LO,CX,DB,PX,RB];result
[1.0,0.0,0.0,0.0,0.0];0.6831220566712992
[0.0,1.0,0.0,0.0,0.0];0.4265462807691045
[0.0,0.0,1.0,0.0,0.0];0.35000863495161955
[0.0,0.0,0.0,1.0,0.0];0.4843325628765959
[0.5,0.0,0.0,0.5,0.0];0.6398983318568775
[0.5,0.0,0.5,0.0,0.0];0.6470650166870004
[0.5,0.0,0.16666666666666666,0.16666666666666666,0.16666666666666666];0.6950279919624618
[0.2,0.2,0.2,0.2,0.2];0.7007071849200484
[0.5,0.0,0.0,0.0,0.5];0.7404537585934332
[0.0,0.0,0.0,0.0,1.0];0.6174047491934617
