S=[LO,CX,DB,PX,RB];result
[1.0,0.0,0.0,0.0,0.0];0.472242033589759
[0.0,1.0,0.0,0.0,0.0];0.3435208444641218
[0.0,0.0,1.0,0.0,0.0];0.2818234047648873
[0.0,0.0,0.0,1.0,0.0];0.36477071361742325
[0.5,0.0,0.0,0.5,0.0];0.44051644311238647
[0.5,0.0,0.5,0.0,0.0];0.43385557009178854
[0.5,0.0,0.16666666666666666,0.16666666666666666,0.16666666666666666];0.641019237176347
[0.2,0.2,0.2,0.2,0.2];0.6608418675120187
[0.5,0.0,0.0,0.0,0.5];0.6209015106850446
[0.0,0.0,0.0,0.0,1.0];0.45093983441466756
