S=[LO,CX,DB,PX,RB];result
[1.0,0.0,0.0,0.0,0.0];0.6163667373740633
[0.0,1.0,0.0,0.0,0.0];0.4846961144447035
[0.0,0.0,1.0,0.0,0.0];0.29142292930689956
[0.0,0.0,0.0,1.0,0.0];0.47373207983985444
[0.5,0.0,0.0,0.5,0.0];0.6547185564704501
[0.5,0.0,0.5,0.0,0.0];0.5957158885208695
[0.5,0.0,0.16666666666666666,0.16666666666666666,0.16666666666666666];0.6938362653484457
[0.2,0.2,0.2,0.2,0.2];0.7168162199528652
[0.5,0.0,0.0,0.0,0.5];0.6616788253447394
[0.0,0.0,0.0,0.0,1.0];0.504254903495533
