S=[LO,CX,DB,PX,RB];result
[1.0,0.0,0.0,0.0,0.0];0.6425514294562906
[0.0,1.0,0.0,0.0,0.0];0.5296709350347693
[0.0,0.0,1.0,0.0,0.0];0.17794363198427
[0.0,0.0,0.0,1.0,0.0];0.5040409374384737
[0.5,0.0,0.0,0.5,0.0];0.535826748972467
[0.5,0.0,0.5,0.0,0.0];0.5735019431729166
[0.5,0.0,0.16666666666666666,0.16666666666666666,0.16666666666666666];0.6160510137060619
[0.2,0.2,0.2,0.2,0.2];0.6724734084353048
[0.5,0.0,0.0,0.0,0.5];0.6437468295875228
[0.0,0.0,0.0,0.0,1.0];0.5193825747881384
