S=[LO,CX,DB,PX,RB];result
[1.0,0.0,0.0,0.0,0.0];0.4245071925978968
[0.0,1.0,0.0,0.0,0.0];0.524981553582428
[0.0,0.0,1.0,0.0,0.0];0.3015791577722415
[0.0,0.0,0.0,1.0,0.0];0.5480515793551908
[0.5,0.0,0.0,0.5,0.0];0.6749657167174085
[0.5,0.0,0.5,0.0,0.0];0.41864377320683865
[0.5,0.0,0.16666666666666666,0.16666666666666666,0.16666666666666666];0.7550716757891953
[0.2,0.2,0.2,0.2,0.2];0.7538626877411398
[0.5,0.0,0.0,0.0,0.5];0.7469367734764254
[0.0,0.0,0.0,0.0,1.0];0.7402977615979685
