S=[LO,CX,DB,PX,RB];result
[1.0,0.0,0.0,0.0,0.0];0.7248568584744055
[0.0,1.0,0.0,0.0,0.0];0.5804356861926742
[0.0,0.0,1.0,0.0,0.0];0.32591329685793236
[0.0,0.0,0.0,1.0,0.0];0.6090973283057997
[0.5,0.0,0.0,0.5,0.0];0.722877977335324
[0.5,0.0,0.5,0.0,0.0];0.7131398603979544
[0.5,0.0,0.16666666666666666,0.16666666666666666,0.16666666666666666];0.7238202707827242
[0.2,0.2,0.2,0.2,0.2];0.711830720373574
[0.5,0.0,0.0,0.0,0.5];0.6955665264519761
[0.0,0.0,0.0,0.0,1.0];0.0
