S=[LO,CX,DB,PX,RB];result
[1.0,0.0,0.0,0.0,0.0];0.6186678120653651
[0.0,1.0,0.0,0.0,0.0];0.49795969968508735
[0.0,0.0,1.0,0.0,0.0];0.33233271184638646
[0.0,0.0,0.0,1.0,0.0];0.5839732920926474
[0.5,0.0,0.0,0.5,0.0];0.6447733713507082
[0.5,0.0,0.5,0.0,0.0];0.6558427859764417
[0.5,0.0,0.16666666666666666,0.16666666666666666,0.16666666666666666];0.6344475379341121
[0.2,0.2,0.2,0.2,0.2];0.7024664346499907
[0.5,0.0,0.0,0.0,0.5];0.67281379853419
[0.0,0.0,0.0,0.0,1.0];0.45088302625115917
