S=[LO,CX,DB,PX,RB];result
[1.0,0.0,0.0,0.0,0.0];0.6483077141549137
[0.0,1.0,0.0,0.0,0.0];0.4914458648908398
[0.0,0.0,1.0,0.0,0.0];0.33986662583786154
[0.0,0.0,0.0,1.0,0.0];0.49451450747604864
[0.5,0.0,0.0,0.5,0.0];0.6149729269212902
[0.5,0.0,0.5,0.0,0.0];0.6383085195781004
[0.5,0.0,0.16666666666666666,0.16666666666666666,0.16666666666666666];0.6803408582859989
[0.2,0.2,0.2,0.2,0.2];0.6844110653462958
[0.5,0.0,0.0,0.0,0.5];0.6569726036144067
[0.0,0.0,0.0,0.0,1.0];0.5025585622410492
