S=[LO,CX,DB,PX,RB];result
[1.0,0.0,0.0,0.0,0.0];0.6506490820602375
[0.0,1.0,0.0,0.0,0.0];0.48644559294683376
[0.0,0.0,1.0,0.0,0.0];0.31045944485094396
[0.0,0.0,0.0,1.0,0.0];0.5475885410003839
[0.5,0.0,0.0,0.5,0.0];0.7071120355903235
[0.5,0.0,0.5,0.0,0.0];0.6638596557446248
[0.5,0.0,0.16666666666666666,0.16666666666666666,0.16666666666666666];0.7616128645343408
[0.2,0.2,0.2,0.2,0.2];0.702235055886387
[0.5,0.0,0.0,0.0,0.5];0.7169392836647994
[0.0,0.0,0.0,0.0,1.0];0.6476160106733447
