S=[LO,CX,DB,PX,RB];result
[1.0,0.0,0.0,0.0,0.0];0.6227356733741947
[0.0,1.0,0.0,0.0,0.0];0.44821728319849197
[0.0,0.0,1.0,0.0,0.0];0.3962576700490904
[0.0,0.0,0.0,1.0,0.0];0.4805502280895984
[0.5,0.0,0.0,0.5,0.0];0.6389157402707066
[0.5,0.0,0.5,0.0,0.0];0.6119963836408757
[0.5,0.0,0.16666666666666666,0.16666666666666666,0.16666666666666666];0.7347711080616877
[0.2,0.2,0.2,0.2,0.2];0.7399598254085177
[0.5,0.0,0.0,0.0,0.5];0.6855418549273471
[0.0,0.0,0.0,0.0,1.0];0.699413152733383
