S=[LO,CX,DB,PX,RB];result
[1.0,0.0,0.0,0.0,0.0];0.6244364712665476
[0.0,1.0,0.0,0.0,0.0];0.4748456111810803
[0.0,0.0,1.0,0.0,0.0];0.30146276268268135
[0.0,0.0,0.0,1.0,0.0];0.4698292555169703
[0.5,0.0,0.0,0.5,0.0];0.6459214594747589
[0.5,0.0,0.5,0.0,0.0];0.6658097892290864
[0.5,0.0,0.16666666666666666,0.16666666666666666,0.16666666666666666];0.6464513386532619
[0.2,0.2,0.2,0.2,0.2];0.6766212678134773
[0.5,0.0,0.0,0.0,0.5];0.670749563296825
[0.0,0.0,0.0,0.0,1.0];0.5268667756888854
