S=[LO,CX,DB,PX,RB];result
[1.0,0.0,0.0,0.0,0.0];0.7205570737784107
[0.0,1.0,0.0,0.0,0.0];0.5961344150830497
[0.0,0.0,1.0,0.0,0.0];0.4853819983722237
[0.0,0.0,0.0,1.0,0.0];0.6275900432020303
[0.5,0.0,0.0,0.5,0.0];0.7300361271452996
[0.5,0.0,0.5,0.0,0.0];0.6892009450101186
[0.5,0.0,0.16666666666666666,0.16666666666666666,0.16666666666666666];0.7621680253069598
[0.2,0.2,0.2,0.2,0.2];0.7847514418091532
[0.5,0.0,0.0,0.0,0.5];0.7520760751493183
[0.0,0.0,0.0,0.0,1.0];0.670390409448612
