S=[LO,CX,DB,PX,RB];result
[1.0,0.0,0.0,0.0,0.0];0.6604203089061733
[0.0,1.0,0.0,0.0,0.0];0.5753149948363409
[0.0,0.0,1.0,0.0,0.0];0.4085008516188372
[0.0,0.0,0.0,1.0,0.0];0.5984051019702199
[0.5,0.0,0.0,0.5,0.0];0.6530542807690192
[0.5,0.0,0.5,0.0,0.0];0.6428992510864449
[0.5,0.0,0.16666666666666666,0.16666666666666666,0.16666666666666666];0.706274454082298
[0.2,0.2,0.2,0.2,0.2];0.6778566406292194
[0.5,0.0,0.0,0.0,0.5];0.6979846756935131
[0.0,0.0,0.0,0.0,1.0];0.4062448722568146
