S=[LO,CX,DB,PX,RB];result
[1.0,0.0,0.0,0.0,0.0];0.7097238530039277
[0.0,1.0,0.0,0.0,0.0];0.5898658615094348
[0.0,0.0,1.0,0.0,0.0];0.3992204820059705
[0.0,0.0,0.0,1.0,0.0];0.63827057418789
[0.5,0.0,0.0,0.5,0.0];0.7429372372300088
[0.5,0.0,0.5,0.0,0.0];0.6770970922768456
[0.5,0.0,0.16666666666666666,0.16666666666666666,0.16666666666666666];0.7742292865232714
[0.2,0.2,0.2,0.2,0.2];0.7601106404346147
[0.5,0.0,0.0,0.0,0.5];0.7777296950920903
[0.0,0.0,0.0,0.0,1.0];0.6753177953356864
