S=[LO,CX,DB,PX,RB];result
[1.0,0.0,0.0,0.0,0.0];0.6513626045351919
[0.0,1.0,0.0,0.0,0.0];0.5897139133422313
[0.0,0.0,1.0,0.0,0.0];0.4618825007884997
[0.0,0.0,0.0,1.0,0.0];0.6062553671750275
[0.5,0.0,0.0,0.5,0.0];0.7035003184738144
[0.5,0.0,0.5,0.0,0.0];0.6028361560176139
[0.5,0.0,0.16666666666666666,0.16666666666666666,0.16666666666666666];0.7513262845276587
[0.2,0.2,0.2,0.2,0.2];0.7361289574311152
[0.5,0.0,0.0,0.0,0.5];0.7211041725101122
[0.0,0.0,0.0,0.0,1.0];0.5967166930270598
