S=[LO,CX,DB,PX,RB];result
[1.0,0.0,0.0,0.0,0.0];0.6896927865847825
[0.0,1.0,0.0,0.0,0.0];0.5869334744273663
[0.0,0.0,1.0,0.0,0.0];0.32685803376878575
[0.0,0.0,0.0,1.0,0.0];0.5679865672160254
[0.5,0.0,0.0,0.5,0.0];0.7310850127683619
[0.5,0.0,0.5,0.0,0.0];0.6611223601657927
[0.5,0.0,0.16666666666666666,0.16666666666666666,0.16666666666666666];0.762619966463851
[0.2,0.2,0.2,0.2,0.2];0.759904137950506
[0.5,0.0,0.0,0.0,0.5];0.7395050835012551
[0.0,0.0,0.0,0.0,1.0];0.735892091778864
