S=[LO,CX,DB,PX,RB];result
[1.0,0.0,0.0,0.0,0.0];0.3705838257600842
[0.0,1.0,0.0,0.0,0.0];0.514335333113648
[0.0,0.0,1.0,0.0,0.0];0.24226637581736343
[0.0,0.0,0.0,1.0,0.0];0.5496674187105065
[0.5,0.0,0.0,0.5,0.0];0.5986820456913474
[0.5,0.0,0.5,0.0,0.0];0.3705809229899471
[0.5,0.0,0.16666666666666666,0.16666666666666666,0.16666666666666666];0.625993736829719
[0.2,0.2,0.2,0.2,0.2];0.6245700984731954
[0.5,0.0,0.0,0.0,0.5];0.5842415560252701
[0.0,0.0,0.0,0.0,1.0];0.5293042223346666
