S=[LO,CX,DB,PX,RB];result
[1.0,0.0,0.0,0.0,0.0];0.7534686920023473
[0.0,1.0,0.0,0.0,0.0];0.5877655391146599
[0.0,0.0,1.0,0.0,0.0];0.4277100905963943
[0.0,0.0,0.0,1.0,0.0];0.6808611074940775
[0.5,0.0,0.0,0.5,0.0];0.7453172305853955
[0.5,0.0,0.5,0.0,0.0];0.7334797990163239
[0.5,0.0,0.16666666666666666,0.16666666666666666,0.16666666666666666];0.713146120688438
[0.2,0.2,0.2,0.2,0.2];0.7671885130475214
[0.5,0.0,0.0,0.0,0.5];0.7967506530427027
[0.0,0.0,0.0,0.0,1.0];0.6747502241511056
