S=[LO,CX,DB,PX,RB];result
[1.0,0.0,0.0,0.0,0.0];0.6405956863364433
[0.0,1.0,0.0,0.0,0.0];0.6222077423288808
[0.0,0.0,1.0,0.0,0.0];0.3764869734680522
[0.0,0.0,0.0,1.0,0.0];0.6344301668754189
[0.5,0.0,0.0,0.5,0.0];0.6752524711193575
[0.5,0.0,0.5,0.0,0.0];0.6198940553671008
[0.5,0.0,0.16666666666666666,0.16666666666666666,0.16666666666666666];0.7964459413733838
[0.2,0.2,0.2,0.2,0.2];0.7957116960193686
[0.5,0.0,0.0,0.0,0.5];0.780300255772257
[0.0,0.0,0.0,0.0,1.0];0.7661140352982794
