S=[LO,CX,DB,PX,RB];result
[1.0,0.0,0.0,0.0,0.0];0.7467596521115789
[0.0,1.0,0.0,0.0,0.0];0.640568799354093
[0.0,0.0,1.0,0.0,0.0];0.42018686067476546
[0.0,0.0,0.0,1.0,0.0];0.6230328988231729
[0.5,0.0,0.0,0.5,0.0];0.7570516954561788
[0.5,0.0,0.5,0.0,0.0];0.7406984549196893
[0.5,0.0,0.16666666666666666,0.16666666666666666,0.16666666666666666];0.7410814363140726
[0.2,0.2,0.2,0.2,0.2];0.7556791803789089
[0.5,0.0,0.0,0.0,0.5];0.732841866097111
[0.0,0.0,0.0,0.0,1.0];0.7055170396081296
