S=[LO,CX,DB,PX,RB];result
[1.0,0.0,0.0,0.0,0.0];0.8256640651369305
[0.0,1.0,0.0,0.0,0.0];0.7270780563580475
[0.0,0.0,1.0,0.0,0.0];0.4152794299500707
[0.0,0.0,0.0,1.0,0.0];0.6976193257360631
[0.5,0.0,0.0,0.5,0.0];0.8307107268624345
[0.5,0.0,0.5,0.0,0.0];0.8241568288380232
[0.5,0.0,0.16666666666666666,0.16666666666666666,0.16666666666666666];0.8428221822702564
[0.2,0.2,0.2,0.2,0.2];0.8363287644110193
[0.5,0.0,0.0,0.0,0.5];0.8417157583310372
[0.0,0.0,0.0,0.0,1.0];0.8389831977325162
