S=[LO,CX,DB,PX,RB];result
[1.0,0.0,0.0,0.0,0.0];0.7600953364366732
[0.0,1.0,0.0,0.0,0.0];0.6782792364379138
[0.0,0.0,1.0,0.0,0.0];0.4209033569920283
[0.0,0.0,0.0,1.0,0.0];0.6810457585911353
[0.5,0.0,0.0,0.5,0.0];0.7558833124589379
[0.5,0.0,0.5,0.0,0.0];0.720422889587013
[0.5,0.0,0.16666666666666666,0.16666666666666666,0.16666666666666666];0.7416173255932599
[0.2,0.2,0.2,0.2,0.2];0.7478088185415994
[0.5,0.0,0.0,0.0,0.5];0.7380200560628132
[0.0,0.0,0.0,0.0,1.0];2.9174929848705853E-4
