S=[LO,CX,DB,PX,RB];result
[1.0,0.0,0.0,0.0,0.0];0.6843894433045791
[0.0,1.0,0.0,0.0,0.0];0.4422745139977295
[0.0,0.0,1.0,0.0,0.0];0.38986394064364593
[0.0,0.0,0.0,1.0,0.0];0.4717258381315922
[0.5,0.0,0.0,0.5,0.0];0.727679257451308
[0.5,0.0,0.5,0.0,0.0];0.6860297760346946
[0.5,0.0,0.16666666666666666,0.16666666666666666,0.16666666666666666];0.7621312071446023
[0.2,0.2,0.2,0.2,0.2];0.7140691947526498
[0.5,0.0,0.0,0.0,0.5];0.767814798336953
[0.0,0.0,0.0,0.0,1.0];0.6127550324704186
