S=[LO,CX,DB,PX,RB];result
[1.0,0.0,0.0,0.0,0.0];0.6781790755425047
[0.0,1.0,0.0,0.0,0.0];0.4893087845310366
[0.0,0.0,1.0,0.0,0.0];0.442086482541605
[0.0,0.0,0.0,1.0,0.0];0.47859524044206525
[0.5,0.0,0.0,0.5,0.0];0.7030911132595858
[0.5,0.0,0.5,0.0,0.0];0.6585374379651157
[0.5,0.0,0.16666666666666666,0.16666666666666666,0.16666666666666666];0.7392972261185138
[0.2,0.2,0.2,0.2,0.2];0.7392700856279106
[0.5,0.0,0.0,0.0,0.5];0.7481308966061746
[0.0,0.0,0.0,0.0,1.0];0.6569743508775858
