S=[LO,CX,DB,PX,RB];result
[1.0,0.0,0.0,0.0,0.0];0.7332030206634106
[0.0,1.0,0.0,0.0,0.0];0.5320344302210365
[0.0,0.0,1.0,0.0,0.0];0.4815487319865602
[0.0,0.0,0.0,1.0,0.0];0.5417528995944723
[0.5,0.0,0.0,0.5,0.0];0.729590886109634
[0.5,0.0,0.5,0.0,0.0];0.7123304901833885
[0.5,0.0,0.16666666666666666,0.16666666666666666,0.16666666666666666];0.7893062959731105
[0.2,0.2,0.2,0.2,0.2];0.7842082410494506
[0.5,0.0,0.0,0.0,0.5];0.7870338712988052
[0.0,0.0,0.0,0.0,1.0];0.6568049338401962
