S=[LO,CX,DB,PX,RB];result
[1.0,0.0,0.0,0.0,0.0];0.6975691257831793
[0.0,1.0,0.0,0.0,0.0];0.5193160339854315
[0.0,0.0,1.0,0.0,0.0];0.4337824429723578
[0.0,0.0,0.0,1.0,0.0];0.4961283644245056
[0.5,0.0,0.0,0.5,0.0];0.6974888072219168
[0.5,0.0,0.5,0.0,0.0];0.6921681176783674
[0.5,0.0,0.16666666666666666,0.16666666666666666,0.16666666666666666];0.7476320274392088
[0.2,0.2,0.2,0.2,0.2];0.7497007627839309
[0.5,0.0,0.0,0.0,0.5];0.7507188014815334
[0.0,0.0,0.0,0.0,1.0];0.6630362748600706
