S=[LO,CX,DB,PX,RB];result
[1.0,0.0,0.0,0.0,0.0];0.6920038940785814
[0.0,1.0,0.0,0.0,0.0];0.49497883216020366
[0.0,0.0,1.0,0.0,0.0];0.42608997341344995
[0.0,0.0,0.0,1.0,0.0];0.5112586899832356
[0.5,0.0,0.0,0.5,0.0];0.7123410418538134
[0.5,0.0,0.5,0.0,0.0];0.6783106345677763
[0.5,0.0,0.16666666666666666,0.16666666666666666,0.16666666666666666];0.7349680396874835
[0.2,0.2,0.2,0.2,0.2];0.7580020770407785
[0.5,0.0,0.0,0.0,0.5];0.7485584674947839
[0.0,0.0,0.0,0.0,1.0];0.6562854396821536
