S=[LO,CX,DB,PX,RB];result
[1.0,0.0,0.0,0.0,0.0];0.6764373819227694
[0.0,1.0,0.0,0.0,0.0];0.41467943917336947
[0.0,0.0,1.0,0.0,0.0];0.35822412755219396
[0.0,0.0,0.0,1.0,0.0];0.43254506756871247
[0.5,0.0,0.0,0.5,0.0];0.6477190138094935
[0.5,0.0,0.5,0.0,0.0];0.6710284723646796
[0.5,0.0,0.16666666666666666,0.16666666666666666,0.16666666666666666];0.7446153197039092
[0.2,0.2,0.2,0.2,0.2];0.6920351398066045
[0.5,0.0,0.0,0.0,0.5];0.7064507807044149
[0.0,0.0,0.0,0.0,1.0];0.6899089253922704
