S=[LO,CX,DB,PX,RB];result
[1.0,0.0,0.0,0.0,0.0];0.7254006139813305
[0.0,1.0,0.0,0.0,0.0];0.5136793643798043
[0.0,0.0,1.0,0.0,0.0];0.4837330858477845
[0.0,0.0,0.0,1.0,0.0];0.5029536609255707
[0.5,0.0,0.0,0.5,0.0];0.7235184305997946
[0.5,0.0,0.5,0.0,0.0];0.7241582556918651
[0.5,0.0,0.16666666666666666,0.16666666666666666,0.16666666666666666];0.766971721313648
[0.2,0.2,0.2,0.2,0.2];0.760575065021547
[0.5,0.0,0.0,0.0,0.5];0.7650911466446332
[0.0,0.0,0.0,0.0,1.0];0.6521532214167247
