S=[LO,CX,DB,PX,RB];result
[1.0,0.0,0.0,0.0,0.0];0.6799889172505997
[0.0,1.0,0.0,0.0,0.0];0.5064204536139569
[0.0,0.0,1.0,0.0,0.0];0.39203307538281845
[0.0,0.0,0.0,1.0,0.0];0.4834093973659174
[0.5,0.0,0.0,0.5,0.0];0.7305996332047424
[0.5,0.0,0.5,0.0,0.0];0.6742413180850779
[0.5,0.0,0.16666666666666666,0.16666666666666666,0.16666666666666666];0.7325099283277519
[0.2,0.2,0.2,0.2,0.2];0.7393917683133291
[0.5,0.0,0.0,0.0,0.5];0.7431674707046427
[0.0,0.0,0.0,0.0,1.0];0.6367854751777555
