S=[LO,CX,DB,PX,RB];result
[1.0,0.0,0.0,0.0,0.0];0.7032978240043217
[0.0,1.0,0.0,0.0,0.0];0.5079232495473689
[0.0,0.0,1.0,0.0,0.0];0.4370862316155978
[0.0,0.0,0.0,1.0,0.0];0.5035493047359167
[0.5,0.0,0.0,0.5,0.0];0.7285967099197611
[0.5,0.0,0.5,0.0,0.0];0.6647334878514208
[0.5,0.0,0.16666666666666666,0.16666666666666666,0.16666666666666666];0.7556518420245183
[0.2,0.2,0.2,0.2,0.2];0.7551589212601536
[0.5,0.0,0.0,0.0,0.5];0.7422034959914992
[0.0,0.0,0.0,0.0,1.0];0.6094284404420893
