S=[LO,CX,DB,PX,RB];result
[1.0,0.0,0.0,0.0,0.0];0.6813410223095805
[0.0,1.0,0.0,0.0,0.0];0.47305185094947405
[0.0,0.0,1.0,0.0,0.0];0.3582550666266797
[0.0,0.0,0.0,1.0,0.0];0.45990683818299727
[0.5,0.0,0.0,0.5,0.0];0.6630606837668676
[0.5,0.0,0.5,0.0,0.0];0.6522923979111774
[0.5,0.0,0.16666666666666666,0.16666666666666666,0.16666666666666666];0.7431458623483597
[0.2,0.2,0.2,0.2,0.2];0.7214048932195707
[0.5,0.0,0.0,0.0,0.5];0.7395593109621956
[0.0,0.0,0.0,0.0,1.0];0.6811815237914332
