S=[LO,CX,DB,PX,RB];result
[1.0,0.0,0.0,0.0,0.0];0.7243748296207762
[0.0,1.0,0.0,0.0,0.0];0.5137891645436292
[0.0,0.0,1.0,0.0,0.0];0.4361762581861761
[0.0,0.0,0.0,1.0,0.0];0.5049562006434202
[0.5,0.0,0.0,0.5,0.0];0.7377489216915442
[0.5,0.0,0.5,0.0,0.0];0.6725928595930546
[0.5,0.0,0.16666666666666666,0.16666666666666666,0.16666666666666666];0.7589225919120739
[0.2,0.2,0.2,0.2,0.2];0.7604148165063731
[0.5,0.0,0.0,0.0,0.5];0.7714068634319866
[0.0,0.0,0.0,0.0,1.0];0.6667567412455067
