S=[LO,CX,DB,PX,RB];result
[1.0,0.0,0.0,0.0,0.0];0.6881721462769972
[0.0,1.0,0.0,0.0,0.0];0.48952621402554963
[0.0,0.0,1.0,0.0,0.0];0.38726283926132093
[0.0,0.0,0.0,1.0,0.0];0.46969912995886454
[0.5,0.0,0.0,0.5,0.0];0.6601070749671394
[0.5,0.0,0.5,0.0,0.0];0.6425292730077476
[0.5,0.0,0.16666666666666666,0.16666666666666666,0.16666666666666666];0.755781626978131
[0.2,0.2,0.2,0.2,0.2];0.7114812118751197
[0.5,0.0,0.0,0.0,0.5];0.7568219139204377
[0.0,0.0,0.0,0.0,1.0];0.631864875994677
