S=[LO,CX,DB,PX,RB];result
[1.0,0.0,0.0,0.0,0.0];0.7132795792142734
[0.0,1.0,0.0,0.0,0.0];0.5073161481493577
[0.0,0.0,1.0,0.0,0.0];0.4429195453372053
[0.0,0.0,0.0,1.0,0.0];0.5105880423931408
[0.5,0.0,0.0,0.5,0.0];0.7100305207070579
[0.5,0.0,0.5,0.0,0.0];0.6839360576329553
[0.5,0.0,0.16666666666666666,0.16666666666666666,0.16666666666666666];0.7616101121640004
[0.2,0.2,0.2,0.2,0.2];0.7699969700920894
[0.5,0.0,0.0,0.0,0.5];0.740387149269021
[0.0,0.0,0.0,0.0,1.0];0.6425050715337834
