S=[LO,CX,DB,PX,RB];result
[1.0,0.0,0.0,0.0,0.0];0.665443086762307
[0.0,1.0,0.0,0.0,0.0];0.46703275208462136
[0.0,0.0,1.0,0.0,0.0];0.4070885356372257
[0.0,0.0,0.0,1.0,0.0];0.4779956291835864
[0.5,0.0,0.0,0.5,0.0];0.6965446896422307
[0.5,0.0,0.5,0.0,0.0];0.6758223229376266
[0.5,0.0,0.16666666666666666,0.16666666666666666,0.16666666666666666];0.7108034247190771
[0.2,0.2,0.2,0.2,0.2];0.7532419040533749
[0.5,0.0,0.0,0.0,0.5];0.7058407177763957
[0.0,0.0,0.0,0.0,1.0];0.6324077168689531
