S=[LO,CX,DB,PX,RB];result
[1.0,0.0,0.0,0.0,0.0];0.7081109065461182
[0.0,1.0,0.0,0.0,0.0];0.4970645398674075
[0.0,0.0,1.0,0.0,0.0];0.4140641081179167
[0.0,0.0,0.0,1.0,0.0];0.5121049257598467
[0.5,0.0,0.0,0.5,0.0];0.7103503215861586
[0.5,0.0,0.5,0.0,0.0];0.6938471706571345
[0.5,0.0,0.16666666666666666,0.16666666666666666,0.16666666666666666];0.7342326683218392
[0.2,0.2,0.2,0.2,0.2];0.7228934148066525
[0.5,0.0,0.0,0.0,0.5];0.7490695065448849
[0.0,0.0,0.0,0.0,1.0];0.6905161818825163
