S=[LO,CX,DB,PX,RB];result
[1.0,0.0,0.0,0.0,0.0];0.6650353112765917
[0.0,1.0,0.0,0.0,0.0];0.5214752810263801
[0.0,0.0,1.0,0.0,0.0];0.4250772281764404
[0.0,0.0,0.0,1.0,0.0];0.52236449218507
[0.5,0.0,0.0,0.5,0.0];0.7053581638286737
[0.5,0.0,0.5,0.0,0.0];0.7014458582299532
[0.5,0.0,0.16666666666666666,0.16666666666666666,0.16666666666666666];0.7822436156057921
[0.2,0.2,0.2,0.2,0.2];0.7567140877358353
[0.5,0.0,0.0,0.0,0.5];0.7532120751855842
[0.0,0.0,0.0,0.0,1.0];0.6513488304017374
