S=[LO,CX,DB,PX,RB];result
[1.0,0.0,0.0,0.0,0.0];0.6874299143184097
[0.0,1.0,0.0,0.0,0.0];0.5011162054481464
[0.0,0.0,1.0,0.0,0.0];0.3942563068825198
[0.0,0.0,0.0,1.0,0.0];0.4853554983056819
[0.5,0.0,0.0,0.5,0.0];0.7029111936567567
[0.5,0.0,0.5,0.0,0.0];0.6649298631628267
[0.5,0.0,0.16666666666666666,0.16666666666666666,0.16666666666666666];0.7410054209699554
[0.2,0.2,0.2,0.2,0.2];0.7322534820422284
[0.5,0.0,0.0,0.0,0.5];0.7599386337713221
[0.0,0.0,0.0,0.0,1.0];0.6767083924614835
