S=[LO,CX,DB,PX,RB];result
[1.0,0.0,0.0,0.0,0.0];0.6847058842378744
[0.0,1.0,0.0,0.0,0.0];0.49619867805812806
[0.0,0.0,1.0,0.0,0.0];0.4016096014426176
[0.0,0.0,0.0,1.0,0.0];0.5082294974390164
[0.5,0.0,0.0,0.5,0.0];0.7442798502014779
[0.5,0.0,0.5,0.0,0.0];0.6789259667781768
[0.5,0.0,0.16666666666666666,0.16666666666666666,0.16666666666666666];0.7651245290388387
[0.2,0.2,0.2,0.2,0.2];0.7355120520642424
[0.5,0.0,0.0,0.0,0.5];0.747204918159203
[0.0,0.0,0.0,0.0,1.0];0.6423113802019289
