S=[LO,CX,DB,PX,RB];result
[1.0,0.0,0.0,0.0,0.0];0.6831349679091532
[0.0,1.0,0.0,0.0,0.0];0.48462635781846886
[0.0,0.0,1.0,0.0,0.0];0.43364705497243183
[0.0,0.0,0.0,1.0,0.0];0.49300090206290914
[0.5,0.0,0.0,0.5,0.0];0.6982919782110351
[0.5,0.0,0.5,0.0,0.0];0.6911581388309368
[0.5,0.0,0.16666666666666666,0.16666666666666666,0.16666666666666666];0.7347213099988852
[0.2,0.2,0.2,0.2,0.2];0.741280339698573
[0.5,0.0,0.0,0.0,0.5];0.7379901097157275
[0.0,0.0,0.0,0.0,1.0];0.6968131391799616
