S=[LO,CX,DB,PX,RB];result
[1.0,0.0,0.0,0.0,0.0];0.7371303543416936
[0.0,1.0,0.0,0.0,0.0];0.4662835700293424
[0.0,0.0,1.0,0.0,0.0];0.3942198365468668
[0.0,0.0,0.0,1.0,0.0];0.4963321972105086
[0.5,0.0,0.0,0.5,0.0];0.7029311766666548
[0.5,0.0,0.5,0.0,0.0];0.6713110428064599
[0.5,0.0,0.16666666666666666,0.16666666666666666,0.16666666666666666];0.7273155231354533
[0.2,0.2,0.2,0.2,0.2];0.72999333669268
[0.5,0.0,0.0,0.0,0.5];0.7365952221437013
[0.0,0.0,0.0,0.0,1.0];0.6094913646155762
