S=[LO,CX,DB,PX,RB];result
[1.0,0.0,0.0,0.0,0.0];0.7332255912839392
[0.0,1.0,0.0,0.0,0.0];0.49862090146628435
[0.0,0.0,1.0,0.0,0.0];0.4394967535941215
[0.0,0.0,0.0,1.0,0.0];0.5032212562600077
[0.5,0.0,0.0,0.5,0.0];0.7505992569045487
[0.5,0.0,0.5,0.0,0.0];0.716137640000015
[0.5,0.0,0.16666666666666666,0.16666666666666666,0.16666666666666666];0.7572033412751714
[0.2,0.2,0.2,0.2,0.2];0.7505896895297629
[0.5,0.0,0.0,0.0,0.5];0.7537051987356448
[0.0,0.0,0.0,0.0,1.0];0.7081053579833434
