S=[LO,CX,DB,PX,RB];result
[1.0,0.0,0.0,0.0,0.0];0.7026916679187885
[0.0,1.0,0.0,0.0,0.0];0.5235677876545435
[0.0,0.0,1.0,0.0,0.0];0.4539928945231315
[0.0,0.0,0.0,1.0,0.0];0.5043543312483528
[0.5,0.0,0.0,0.5,0.0];0.7415906720327119
[0.5,0.0,0.5,0.0,0.0];0.6937040618129531
[0.5,0.0,0.16666666666666666,0.16666666666666666,0.16666666666666666];0.7488088216495661
[0.2,0.2,0.2,0.2,0.2];0.7837807255298994
[0.5,0.0,0.0,0.0,0.5];0.7729094552606335
[0.0,0.0,0.0,0.0,1.0];0.6304923958779101
