S=[LO,CX,DB,PX,RB];result
[1.0,0.0,0.0,0.0,0.0];0.7008587451311425
[0.0,1.0,0.0,0.0,0.0];0.5124363258010649
[0.0,0.0,1.0,0.0,0.0];0.45205187559045024
[0.0,0.0,0.0,1.0,0.0];0.5045429439334275
[0.5,0.0,0.0,0.5,0.0];0.729245005988246
[0.5,0.0,0.5,0.0,0.0];0.6815467940270965
[0.5,0.0,0.16666666666666666,0.16666666666666666,0.16666666666666666];0.7287651718125195
[0.2,0.2,0.2,0.2,0.2];0.7502446405342266
[0.5,0.0,0.0,0.0,0.5];0.7561644209093732
[0.0,0.0,0.0,0.0,1.0];0.6564821785161371
