S=[LO,CX,DB,PX,RB];result
[1.0,0.0,0.0,0.0,0.0];0.7032526881972093
[0.0,1.0,0.0,0.0,0.0];0.5276365966036449
[0.0,0.0,1.0,0.0,0.0];0.41224486324277065
[0.0,0.0,0.0,1.0,0.0];0.49385691585097236
[0.5,0.0,0.0,0.5,0.0];0.7356454853418892
[0.5,0.0,0.5,0.0,0.0];0.7220185568870757
[0.5,0.0,0.16666666666666666,0.16666666666666666,0.16666666666666666];0.7618133235843463
[0.2,0.2,0.2,0.2,0.2];0.7654824741555734
[0.5,0.0,0.0,0.0,0.5];0.752713079956621
[0.0,0.0,0.0,0.0,1.0];0.6913965459644864
