S=[LO,CX,DB,PX,RB];result
[1.0,0.0,0.0,0.0,0.0];0.7037813994467377
[0.0,1.0,0.0,0.0,0.0];0.476789658324297
[0.0,0.0,1.0,0.0,0.0];0.3843100338897367
[0.0,0.0,0.0,1.0,0.0];0.4749455489444554
[0.5,0.0,0.0,0.5,0.0];0.7096122209846752
[0.5,0.0,0.5,0.0,0.0];0.6691353618671231
[0.5,0.0,0.16666666666666666,0.16666666666666666,0.16666666666666666];0.7239825255856764
[0.2,0.2,0.2,0.2,0.2];0.733289619097186
[0.5,0.0,0.0,0.0,0.5];0.743096422466998
[0.0,0.0,0.0,0.0,1.0];0.6706449134161293
