S=[LO,CX,DB,PX,RB];result
[1.0,0.0,0.0,0.0,0.0];0.6958787141429691
[0.0,1.0,0.0,0.0,0.0];0.4982229091946968
[0.0,0.0,1.0,0.0,0.0];0.4232566067750867
[0.0,0.0,0.0,1.0,0.0];0.49402080126767506
[0.5,0.0,0.0,0.5,0.0];0.6982900108682554
[0.5,0.0,0.5,0.0,0.0];0.7037366211644565
[0.5,0.0,0.16666666666666666,0.16666666666666666,0.16666666666666666];0.7613489119972844
[0.2,0.2,0.2,0.2,0.2];0.7506462756541616
[0.5,0.0,0.0,0.0,0.5];0.7682585479707371
[0.0,0.0,0.0,0.0,1.0];0.6942975464034313
