S=[LO,CX,DB,PX,RB];result
[1.0,0.0,0.0,0.0,0.0];0.6869180969031784
[0.0,1.0,0.0,0.0,0.0];0.48478285724209436
[0.0,0.0,1.0,0.0,0.0];0.4213869651030139
[0.0,0.0,0.0,1.0,0.0];0.5318430210910048
[0.5,0.0,0.0,0.5,0.0];0.711971655040348
[0.5,0.0,0.5,0.0,0.0];0.6755600060366596
[0.5,0.0,0.16666666666666666,0.16666666666666666,0.16666666666666666];0.7316295190754298
[0.2,0.2,0.2,0.2,0.2];0.7319562430565753
[0.5,0.0,0.0,0.0,0.5];0.7631858331361026
[0.0,0.0,0.0,0.0,1.0];0.6329490875614247
