S=[LO,CX,DB,PX,RB];result
[1.0,0.0,0.0,0.0,0.0];0.723049967508517
[0.0,1.0,0.0,0.0,0.0];0.5139299166775302
[0.0,0.0,1.0,0.0,0.0];0.4523927273676272
[0.0,0.0,0.0,1.0,0.0];0.5015869452469058
[0.5,0.0,0.0,0.5,0.0];0.7058359415755242
[0.5,0.0,0.5,0.0,0.0];0.7405399200382436
[0.5,0.0,0.16666666666666666,0.16666666666666666,0.16666666666666666];0.7655730738131351
[0.2,0.2,0.2,0.2,0.2];0.7476383563016837
[0.5,0.0,0.0,0.0,0.5];0.7607500106752424
[0.0,0.0,0.0,0.0,1.0];0.6992224561900972
