S=[LO,CX,DB,PX,RB];result
[1.0,0.0,0.0,0.0,0.0];0.7610519111004457
[0.0,1.0,0.0,0.0,0.0];0.5328062195966651
[0.0,0.0,1.0,0.0,0.0];0.4365565528926746
[0.0,0.0,0.0,1.0,0.0];0.5324218904161426
[0.5,0.0,0.0,0.5,0.0];0.7312097627002534
[0.5,0.0,0.5,0.0,0.0];0.7268089068450199
[0.5,0.0,0.16666666666666666,0.16666666666666666,0.16666666666666666];0.7666469769644872
[0.2,0.2,0.2,0.2,0.2];0.7549344487894643
[0.5,0.0,0.0,0.0,0.5];0.7762091045395427
[0.0,0.0,0.0,0.0,1.0];0.6549770294876989
