S=[LO,CX,DB,PX,RB];result
[1.0,0.0,0.0,0.0,0.0];0.6794038739579962
[0.0,1.0,0.0,0.0,0.0];0.5300786213853894
[0.0,0.0,1.0,0.0,0.0];0.4531033397131111
[0.0,0.0,0.0,1.0,0.0];0.5171512369127127
[0.5,0.0,0.0,0.5,0.0];0.6971422434439594
[0.5,0.0,0.5,0.0,0.0];0.6912147529972904
[0.5,0.0,0.16666666666666666,0.16666666666666666,0.16666666666666666];0.7422074644618943
[0.2,0.2,0.2,0.2,0.2];0.7727024618167417
[0.5,0.0,0.0,0.0,0.5];0.7650282944557134
[0.0,0.0,0.0,0.0,1.0];0.694069891587203
