S=[LO,CX,DB,PX,RB];result
[1.0,0.0,0.0,0.0,0.0];0.6955504934840943
[0.0,1.0,0.0,0.0,0.0];0.5104880564400163
[0.0,0.0,1.0,0.0,0.0];0.4149713507435213
[0.0,0.0,0.0,1.0,0.0];0.5001004251204886
[0.5,0.0,0.0,0.5,0.0];0.7445283945652255
[0.5,0.0,0.5,0.0,0.0];0.6668670858511516
[0.5,0.0,0.16666666666666666,0.16666666666666666,0.16666666666666666];0.7471047814403098
[0.2,0.2,0.2,0.2,0.2];0.7293526527565442
[0.5,0.0,0.0,0.0,0.5];0.7549888735439676
[0.0,0.0,0.0,0.0,1.0];0.635070544680072
