S=[LO,CX,DB,PX,RB];result
[1.0,0.0,0.0,0.0,0.0];0.6848391520102585
[0.0,1.0,0.0,0.0,0.0];0.49518283779273214
[0.0,0.0,1.0,0.0,0.0];0.43759764572748433
[0.0,0.0,0.0,1.0,0.0];0.5216774512164106
[0.5,0.0,0.0,0.5,0.0];0.7123147092255975
[0.5,0.0,0.5,0.0,0.0];0.6868168320794441
[0.5,0.0,0.16666666666666666,0.16666666666666666,0.16666666666666666];0.7459981301359149
[0.2,0.2,0.2,0.2,0.2];0.7451747771632867
[0.5,0.0,0.0,0.0,0.5];0.7291541818814085
[0.0,0.0,0.0,0.0,1.0];0.7189955580591472
