S=[LO,CX,DB,PX,RB];result
[1.0,0.0,0.0,0.0,0.0];0.7509285637478919
[0.0,1.0,0.0,0.0,0.0];0.556876226855215
[0.0,0.0,1.0,0.0,0.0];0.4618917641890301
[0.0,0.0,0.0,1.0,0.0];0.5325181819775107
[0.5,0.0,0.0,0.5,0.0];0.7580514761108796
[0.5,0.0,0.5,0.0,0.0];0.7418393117227595
[0.5,0.0,0.16666666666666666,0.16666666666666666,0.16666666666666666];0.7810505311674187
[0.2,0.2,0.2,0.2,0.2];0.7789000269726587
[0.5,0.0,0.0,0.0,0.5];0.7718437431110174
[0.0,0.0,0.0,0.0,1.0];0.6811964093288414
