S=[LO,CX,DB,PX,RB];result
[1.0,0.0,0.0,0.0,0.0];0.734622121587942
[0.0,1.0,0.0,0.0,0.0];0.5442124548507675
[0.0,0.0,1.0,0.0,0.0];0.47644243120594626
[0.0,0.0,0.0,1.0,0.0];0.5355909198835525
[0.5,0.0,0.0,0.5,0.0];0.7079884313934666
[0.5,0.0,0.5,0.0,0.0];0.6983090000411265
[0.5,0.0,0.16666666666666666,0.16666666666666666,0.16666666666666666];0.794285484218773
[0.2,0.2,0.2,0.2,0.2];0.7804576479870247
[0.5,0.0,0.0,0.0,0.5];0.7494545792420026
[0.0,0.0,0.0,0.0,1.0];0.672573109819399
