S=[LO,CX,DB,PX,RB];result
[1.0,0.0,0.0,0.0,0.0];0.6958267633481265
[0.0,1.0,0.0,0.0,0.0];0.5060875747193081
[0.0,0.0,1.0,0.0,0.0];0.43166313835998
[0.0,0.0,0.0,1.0,0.0];0.4891465996118526
[0.5,0.0,0.0,0.5,0.0];0.7013020157562597
[0.5,0.0,0.5,0.0,0.0];0.6812686915972437
[0.5,0.0,0.16666666666666666,0.16666666666666666,0.16666666666666666];0.7457745773461627
[0.2,0.2,0.2,0.2,0.2];0.7283947202635983
[0.5,0.0,0.0,0.0,0.5];0.7265555420360983
[0.0,0.0,0.0,0.0,1.0];0.6415868481519126
