S=[LO,CX,DB,PX,RB];result
[1.0,0.0,0.0,0.0,0.0];0.6565128757354511
[0.0,1.0,0.0,0.0,0.0];0.42944258157383014
[0.0,0.0,1.0,0.0,0.0];0.3818570809950048
[0.0,0.0,0.0,1.0,0.0];0.44731153485069697
[0.5,0.0,0.0,0.5,0.0];0.6623698315980311
[0.5,0.0,0.5,0.0,0.0];0.6667241634923808
[0.5,0.0,0.16666666666666666,0.16666666666666666,0.16666666666666666];0.7377948939158883
[0.2,0.2,0.2,0.2,0.2];0.7331920050978584
[0.5,0.0,0.0,0.0,0.5];0.7102064530706989
[0.0,0.0,0.0,0.0,1.0];0.6419928702209593
