S=[LO,CX,DB,PX,RB];result
[1.0,0.0,0.0,0.0,0.0];0.7055994828607914
[0.0,1.0,0.0,0.0,0.0];0.49184257506505813
[0.0,0.0,1.0,0.0,0.0];0.4360512998368763
[0.0,0.0,0.0,1.0,0.0];0.49122118958716365
[0.5,0.0,0.0,0.5,0.0];0.711979405497317
[0.5,0.0,0.5,0.0,0.0];0.6606357817658489
[0.5,0.0,0.16666666666666666,0.16666666666666666,0.16666666666666666];0.7502233260978719
[0.2,0.2,0.2,0.2,0.2];0.7596948768415881
[0.5,0.0,0.0,0.0,0.5];0.7471547255874633
[0.0,0.0,0.0,0.0,1.0];0.7134119191620825
