S=[LO,CX,DB,PX,RB];result
[1.0,0.0,0.0,0.0,0.0];0.673190928955732
[0.0,1.0,0.0,0.0,0.0];0.5001329362504643
[0.0,0.0,1.0,0.0,0.0];0.4455789140970683
[0.0,0.0,0.0,1.0,0.0];0.5161674477501464
[0.5,0.0,0.0,0.5,0.0];0.68541378355844
[0.5,0.0,0.5,0.0,0.0];0.6697791301324165
[0.5,0.0,0.16666666666666666,0.16666666666666666,0.16666666666666666];0.769695030215422
[0.2,0.2,0.2,0.2,0.2];0.7451880454613533
[0.5,0.0,0.0,0.0,0.5];0.7395248247555466
[0.0,0.0,0.0,0.0,1.0];0.6629741615269353
