S=[LO,CX,DB,PX,RB];result
[1.0,0.0,0.0,0.0,0.0];0.7113595607656598
[0.0,1.0,0.0,0.0,0.0];0.5070024508197717
[0.0,0.0,1.0,0.0,0.0];0.4357144142547388
[0.0,0.0,0.0,1.0,0.0];0.5499352707089286
[0.5,0.0,0.0,0.5,0.0];0.7595165721964714
[0.5,0.0,0.5,0.0,0.0];0.7043284785039692
[0.5,0.0,0.16666666666666666,0.16666666666666666,0.16666666666666666];0.7788476913369048
[0.2,0.2,0.2,0.2,0.2];0.7596589125835338
[0.5,0.0,0.0,0.0,0.5];0.743019349624309
[0.0,0.0,0.0,0.0,1.0];0.7143941159265217
