S=[LO,CX,DB,PX,RB];result
[1.0,0.0,0.0,0.0,0.0];0.6920987935713778
[0.0,1.0,0.0,0.0,0.0];0.5335127458798302
[0.0,0.0,1.0,0.0,0.0];0.42293763076285845
[0.0,0.0,0.0,1.0,0.0];0.5280367275458009
[0.5,0.0,0.0,0.5,0.0];0.7154380027600145
[0.5,0.0,0.5,0.0,0.0];0.669712447200448
[0.5,0.0,0.16666666666666666,0.16666666666666666,0.16666666666666666];0.7635266834959925
[0.2,0.2,0.2,0.2,0.2];0.7446450375482958
[0.5,0.0,0.0,0.0,0.5];0.7483094648569235
[0.0,0.0,0.0,0.0,1.0];0.6931094885424225
