S=[LO,CX,DB,PX,RB];result
[1.0,0.0,0.0,0.0,0.0];0.698373206327632
[0.0,1.0,0.0,0.0,0.0];0.49456078361194833
[0.0,0.0,1.0,0.0,0.0];0.4097802996334836
[0.0,0.0,0.0,1.0,0.0];0.4769824183221365
[0.5,0.0,0.0,0.5,0.0];0.6597800233671984
[0.5,0.0,0.5,0.0,0.0];0.6667319716281686
[0.5,0.0,0.16666666666666666,0.16666666666666666,0.16666666666666666];0.7345686248548227
[0.2,0.2,0.2,0.2,0.2];0.7220640609942774
[0.5,0.0,0.0,0.0,0.5];0.7324112889263095
[0.0,0.0,0.0,0.0,1.0];0.6118232962712713
