S=[LO,CX,DB,PX,RB];result
[1.0,0.0,0.0,0.0,0.0];0.7471483618544801
[0.0,1.0,0.0,0.0,0.0];0.5198134389939764
[0.0,0.0,1.0,0.0,0.0];0.46018764213296015
[0.0,0.0,0.0,1.0,0.0];0.5256057640240467
[0.5,0.0,0.0,0.5,0.0];0.719482667869271
[0.5,0.0,0.5,0.0,0.0];0.6823582799967132
[0.5,0.0,0.16666666666666666,0.16666666666666666,0.16666666666666666];0.7464099553363637
[0.2,0.2,0.2,0.2,0.2];0.7590940214740467
[0.5,0.0,0.0,0.0,0.5];0.7577653233017314
[0.0,0.0,0.0,0.0,1.0];0.6878930103691647
