S=[LO,CX,DB,PX,RB];result
[1.0,0.0,0.0,0.0,0.0];0.7088976274095432
[0.0,1.0,0.0,0.0,0.0];0.5316910507206163
[0.0,0.0,1.0,0.0,0.0];0.41682961989456635
[0.0,0.0,0.0,1.0,0.0];0.5343834424259981
[0.5,0.0,0.0,0.5,0.0];0.7004824399324969
[0.5,0.0,0.5,0.0,0.0];0.7034172840020714
[0.5,0.0,0.16666666666666666,0.16666666666666666,0.16666666666666666];0.7674826999194271
[0.2,0.2,0.2,0.2,0.2];0.7390211874025339
[0.5,0.0,0.0,0.0,0.5];0.7345760146755906
[0.0,0.0,0.0,0.0,1.0];0.6138713520660302
