S=[LO,CX,DB,PX,RB];result
[1.0,0.0,0.0,0.0,0.0];0.7435448778077702
[0.0,1.0,0.0,0.0,0.0];0.505228612880142
[0.0,0.0,1.0,0.0,0.0];0.4565422502640949
[0.0,0.0,0.0,1.0,0.0];0.5109234703507468
[0.5,0.0,0.0,0.5,0.0];0.7436904797603252
[0.5,0.0,0.5,0.0,0.0];0.6909443191732908
[0.5,0.0,0.16666666666666666,0.16666666666666666,0.16666666666666666];0.7553552073395589
[0.2,0.2,0.2,0.2,0.2];0.7433583618623624
[0.5,0.0,0.0,0.0,0.5];0.7588428941876879
[0.0,0.0,0.0,0.0,1.0];0.6614880119052522
