S=[LO,CX,DB,PX,RB];result
[1.0,0.0,0.0,0.0,0.0];0.6888212142119381
[0.0,1.0,0.0,0.0,0.0];0.4568571732985316
[0.0,0.0,1.0,0.0,0.0];0.40896283212924384
[0.0,0.0,0.0,1.0,0.0];0.503509097331128
[0.5,0.0,0.0,0.5,0.0];0.7114158403172044
[0.5,0.0,0.5,0.0,0.0];0.6724969309562908
[0.5,0.0,0.16666666666666666,0.16666666666666666,0.16666666666666666];0.7670344610849784
[0.2,0.2,0.2,0.2,0.2];0.7228574957634608
[0.5,0.0,0.0,0.0,0.5];0.7560234642198317
[0.0,0.0,0.0,0.0,1.0];0.6792857109195833
