S=[LO,CX,DB,PX,RB];result
[1.0,0.0,0.0,0.0,0.0];0.6785425421359659
[0.0,1.0,0.0,0.0,0.0];0.4787240429029962
[0.0,0.0,1.0,0.0,0.0];0.3982789235477466
[0.0,0.0,0.0,1.0,0.0];0.487897242562369
[0.5,0.0,0.0,0.5,0.0];0.7042099613349058
[0.5,0.0,0.5,0.0,0.0];0.6882510069321274
[0.5,0.0,0.16666666666666666,0.16666666666666666,0.16666666666666666];0.7656721615516089
[0.2,0.2,0.2,0.2,0.2];0.7306667256415413
[0.5,0.0,0.0,0.0,0.5];0.7223897988224324
[0.0,0.0,0.0,0.0,1.0];0.6189510522996274
