S=[LO,CX,DB,PX,RB];result
[1.0,0.0,0.0,0.0,0.0];0.7251515078884917
[0.0,1.0,0.0,0.0,0.0];0.4463191865597098
[0.0,0.0,1.0,0.0,0.0];0.3844402265445076
[0.0,0.0,0.0,1.0,0.0];0.4948904122176411
[0.5,0.0,0.0,0.5,0.0];0.6925526344721131
[0.5,0.0,0.5,0.0,0.0];0.7024782948535774
[0.5,0.0,0.16666666666666666,0.16666666666666666,0.16666666666666666];0.7405752771923704
[0.2,0.2,0.2,0.2,0.2];0.7053700660786304
[0.5,0.0,0.0,0.0,0.5];0.7405552072992263
[0.0,0.0,0.0,0.0,1.0];0.6294099090663353
