S=[LO,CX,DB,PX,RB];result
[1.0,0.0,0.0,0.0,0.0];0.6582100886837856
[0.0,1.0,0.0,0.0,0.0];0.46038358693015446
[0.0,0.0,1.0,0.0,0.0];0.41339203193758983
[0.0,0.0,0.0,1.0,0.0];0.47535614745774074
[0.5,0.0,0.0,0.5,0.0];0.679535583997095
[0.5,0.0,0.5,0.0,0.0];0.7048878118490592
[0.5,0.0,0.16666666666666666,0.16666666666666666,0.16666666666666666];0.7433565145491106
[0.2,0.2,0.2,0.2,0.2];0.7329017524060759
[0.5,0.0,0.0,0.0,0.5];0.7327340035171875
[0.0,0.0,0.0,0.0,1.0];0.693922145150025
