S=[LO,CX,DB,PX,RB];result
[1.0,0.0,0.0,0.0,0.0];0.6938508757859776
[0.0,1.0,0.0,0.0,0.0];0.47751568271216527
[0.0,0.0,1.0,0.0,0.0];0.4246258176418317
[0.0,0.0,0.0,1.0,0.0];0.49144996832128374
[0.5,0.0,0.0,0.5,0.0];0.7328535261819928
[0.5,0.0,0.5,0.0,0.0];0.6653375603880822
[0.5,0.0,0.16666666666666666,0.16666666666666666,0.16666666666666666];0.7761116654112346
[0.2,0.2,0.2,0.2,0.2];0.7392578847214811
[0.5,0.0,0.0,0.0,0.5];0.7715962065185179
[0.0,0.0,0.0,0.0,1.0];0.6863101586588858
