S=[LO,CX,DB,PX,RB];result
[1.0,0.0,0.0,0.0,0.0];0.6705941754290135
[0.0,1.0,0.0,0.0,0.0];0.44550323250515855
[0.0,0.0,1.0,0.0,0.0];0.38359605867065644
[0.0,0.0,0.0,1.0,0.0];0.48377646189600537
[0.5,0.0,0.0,0.5,0.0];0.6713603838981446
[0.5,0.0,0.5,0.0,0.0];0.6838791102764521
[0.5,0.0,0.16666666666666666,0.16666666666666666,0.16666666666666666];0.7521547288451824
[0.2,0.2,0.2,0.2,0.2];0.7258737796456387
[0.5,0.0,0.0,0.0,0.5];0.7504306689982172
[0.0,0.0,0.0,0.0,1.0];0.6802401574175163
