S=[LO,CX,DB,PX,RB];result
[1.0,0.0,0.0,0.0,0.0];0.6677470817614649
[0.0,1.0,0.0,0.0,0.0];0.4866117358275063
[0.0,0.0,1.0,0.0,0.0];0.38733872204228476
[0.0,0.0,0.0,1.0,0.0];0.47740922858026147
[0.5,0.0,0.0,0.5,0.0];0.717594527159096
[0.5,0.0,0.5,0.0,0.0];0.6774016254465172
[0.5,0.0,0.16666666666666666,0.16666666666666666,0.16666666666666666];0.753954672035474
[0.2,0.2,0.2,0.2,0.2];0.7394399062548254
[0.5,0.0,0.0,0.0,0.5];0.7316649844062096
[0.0,0.0,0.0,0.0,1.0];0.6342477787047023
