S=[LO,CX,DB,PX,RB];result
[1.0,0.0,0.0,0.0,0.0];0.7139980974201561
[0.0,1.0,0.0,0.0,0.0];0.49621389122208415
[0.0,0.0,1.0,0.0,0.0];0.42485541465972015
[0.0,0.0,0.0,1.0,0.0];0.49149089076728214
[0.5,0.0,0.0,0.5,0.0];0.7409470290763791
[0.5,0.0,0.5,0.0,0.0];0.6796001995202865
[0.5,0.0,0.16666666666666666,0.16666666666666666,0.16666666666666666];0.7750721240694897
[0.2,0.2,0.2,0.2,0.2];0.7273878640313571
[0.5,0.0,0.0,0.0,0.5];0.7593275810223601
[0.0,0.0,0.0,0.0,1.0];0.643059517133606
