S=[LO,CX,DB,PX,RB];result
[1.0,0.0,0.0,0.0,0.0];0.7332834613393041
[0.0,1.0,0.0,0.0,0.0];0.4966445135143557
[0.0,0.0,1.0,0.0,0.0];0.4091976072247241
[0.0,0.0,0.0,1.0,0.0];0.5015391544161598
[0.5,0.0,0.0,0.5,0.0];0.6982114175917564
[0.5,0.0,0.5,0.0,0.0];0.6703973222916639
[0.5,0.0,0.16666666666666666,0.16666666666666666,0.16666666666666666];0.7449729729229166
[0.2,0.2,0.2,0.2,0.2];0.7179565144195511
[0.5,0.0,0.0,0.0,0.5];0.758953693491482
[0.0,0.0,0.0,0.0,1.0];0.7171777335599654
