S=[LO,CX,DB,PX,RB];result
[1.0,0.0,0.0,0.0,0.0];0.6301788323387782
[0.0,1.0,0.0,0.0,0.0];0.4667646514329996
[0.0,0.0,1.0,0.0,0.0];0.4208643276950907
[0.0,0.0,0.0,1.0,0.0];0.48561214999189295
[0.5,0.0,0.0,0.5,0.0];0.7013184004617057
[0.5,0.0,0.5,0.0,0.0];0.6688137729027837
[0.5,0.0,0.16666666666666666,0.16666666666666666,0.16666666666666666];0.7452494486492427
[0.2,0.2,0.2,0.2,0.2];0.7231413128303325
[0.5,0.0,0.0,0.0,0.5];0.7431239347596084
[0.0,0.0,0.0,0.0,1.0];0.6730517617998883
