S=[LO,CX,DB,PX,RB];result
[1.0,0.0,0.0,0.0,0.0];0.7052813737087504
[0.0,1.0,0.0,0.0,0.0];0.49356498939171745
[0.0,0.0,1.0,0.0,0.0];0.4489954417689591
[0.0,0.0,0.0,1.0,0.0];0.49957051250466683
[0.5,0.0,0.0,0.5,0.0];0.6812515371045824
[0.5,0.0,0.5,0.0,0.0];0.6814288250644592
[0.5,0.0,0.16666666666666666,0.16666666666666666,0.16666666666666666];0.7569430663985072
[0.2,0.2,0.2,0.2,0.2];0.7521718196278153
[0.5,0.0,0.0,0.0,0.5];0.7631717744537998
[0.0,0.0,0.0,0.0,1.0];0.6457977881518118
