S=[LO,CX,DB,PX,RB];result
[1.0,0.0,0.0,0.0,0.0];0.721404251335985
[0.0,1.0,0.0,0.0,0.0];0.46779122278513385
[0.0,0.0,1.0,0.0,0.0];0.38854732877825005
[0.0,0.0,0.0,1.0,0.0];0.4724678209894321
[0.5,0.0,0.0,0.5,0.0];0.690225040896078
[0.5,0.0,0.5,0.0,0.0];0.6906734336818909
[0.5,0.0,0.16666666666666666,0.16666666666666666,0.16666666666666666];0.7309258265199776
[0.2,0.2,0.2,0.2,0.2];0.7295602186418417
[0.5,0.0,0.0,0.0,0.5];0.7331454690713652
[0.0,0.0,0.0,0.0,1.0];0.6226511469956377
