S=[LO,CX,DB,PX,RB];result
[1.0,0.0,0.0,0.0,0.0];0.6921206698147373
[0.0,1.0,0.0,0.0,0.0];0.44427212873429023
[0.0,0.0,1.0,0.0,0.0];0.38442971616078325
[0.0,0.0,0.0,1.0,0.0];0.47089021013211063
[0.5,0.0,0.0,0.5,0.0];0.7157842065438994
[0.5,0.0,0.5,0.0,0.0];0.6665758327073461
[0.5,0.0,0.16666666666666666,0.16666666666666666,0.16666666666666666];0.7276870613139268
[0.2,0.2,0.2,0.2,0.2];0.7440432453351888
[0.5,0.0,0.0,0.0,0.5];0.7221998604014755
[0.0,0.0,0.0,0.0,1.0];0.6886889456685876
