S=[LO,CX,DB,PX,RB];result
[1.0,0.0,0.0,0.0,0.0];0.6699898537484881
[0.0,1.0,0.0,0.0,0.0];0.4754495953419225
[0.0,0.0,1.0,0.0,0.0];0.38259719173390383
[0.0,0.0,0.0,1.0,0.0];0.4864466512379191
[0.5,0.0,0.0,0.5,0.0];0.6931834504692465
[0.5,0.0,0.5,0.0,0.0];0.6972415332628799
[0.5,0.0,0.16666666666666666,0.16666666666666666,0.16666666666666666];0.746044540171256
[0.2,0.2,0.2,0.2,0.2];0.7367402224563211
[0.5,0.0,0.0,0.0,0.5];0.7437534817744598
[0.0,0.0,0.0,0.0,1.0];0.6338935872612886
