S=[LO,CX,DB,PX,RB];result
[1.0,0.0,0.0,0.0,0.0];0.6589690560571719
[0.0,1.0,0.0,0.0,0.0];0.48858966795153047
[0.0,0.0,1.0,0.0,0.0];0.41449900581469995
[0.0,0.0,0.0,1.0,0.0];0.4588257385119937
[0.5,0.0,0.0,0.5,0.0];0.6998453911309996
[0.5,0.0,0.5,0.0,0.0];0.6612707007692011
[0.5,0.0,0.16666666666666666,0.16666666666666666,0.16666666666666666];0.7229821041844212
[0.2,0.2,0.2,0.2,0.2];0.758896571229914
[0.5,0.0,0.0,0.0,0.5];0.748853659215587
[0.0,0.0,0.0,0.0,1.0];0.6735040714001262
