S=[LO,CX,DB,PX,RB];result
[1.0,0.0,0.0,0.0,0.0];0.7234171260656734
[0.0,1.0,0.0,0.0,0.0];0.5128495536091988
[0.0,0.0,1.0,0.0,0.0];0.4221165918056737
[0.0,0.0,0.0,1.0,0.0];0.5214262660594711
[0.5,0.0,0.0,0.5,0.0];0.7485114357373213
[0.5,0.0,0.5,0.0,0.0];0.6866367697508895
[0.5,0.0,0.16666666666666666,0.16666666666666666,0.16666666666666666];0.7519476611164877
[0.2,0.2,0.2,0.2,0.2];0.7639988417420406
[0.5,0.0,0.0,0.0,0.5];0.7698230514558425
[0.0,0.0,0.0,0.0,1.0];0.6304376283415577
