S=[LO,CX,DB,PX,RB];result
[1.0,0.0,0.0,0.0,0.0];0.7401513302665763
[0.0,1.0,0.0,0.0,0.0];0.5136763599364835
[0.0,0.0,1.0,0.0,0.0];0.4499671908838151
[0.0,0.0,0.0,1.0,0.0];0.5186693373005522
[0.5,0.0,0.0,0.5,0.0];0.7398996014186869
[0.5,0.0,0.5,0.0,0.0];0.7019203129160427
[0.5,0.0,0.16666666666666666,0.16666666666666666,0.16666666666666666];0.7611357305177537
[0.2,0.2,0.2,0.2,0.2];0.771588114850952
[0.5,0.0,0.0,0.0,0.5];0.7544639112129687
[0.0,0.0,0.0,0.0,1.0];0.645987934661197
