S=[LO,CX,DB,PX,RB];result
[1.0,0.0,0.0,0.0,0.0];0.6433815287279742
[0.0,1.0,0.0,0.0,0.0];0.44833153165255113
[0.0,0.0,1.0,0.0,0.0];0.4352437450325858
[0.0,0.0,0.0,1.0,0.0];0.44857290245814935
[0.5,0.0,0.0,0.5,0.0];0.7016628348277574
[0.5,0.0,0.5,0.0,0.0];0.6431894900916271
[0.5,0.0,0.16666666666666666,0.16666666666666666,0.16666666666666666];0.7488916745540775
[0.2,0.2,0.2,0.2,0.2];0.7385651217869978
[0.5,0.0,0.0,0.0,0.5];0.7353004471514386
[0.0,0.0,0.0,0.0,1.0];0.6482293010788753
