S=[LO,CX,DB,PX,RB];result
[1.0,0.0,0.0,0.0,0.0];0.7148646627389912
[0.0,1.0,0.0,0.0,0.0];0.5289484668234434
[0.0,0.0,1.0,0.0,0.0];0.44859691377235966
[0.0,0.0,0.0,1.0,0.0];0.5261709324663875
[0.5,0.0,0.0,0.5,0.0];0.7500644138742268
[0.5,0.0,0.5,0.0,0.0];0.7231197683726098
[0.5,0.0,0.16666666666666666,0.16666666666666666,0.16666666666666666];0.7926214325442743
[0.2,0.2,0.2,0.2,0.2];0.7510007959746012
[0.5,0.0,0.0,0.0,0.5];0.7874748746745217
[0.0,0.0,0.0,0.0,1.0];0.7069174928095228
