S=[LO,CX,DB,PX,RB];result
[1.0,0.0,0.0,0.0,0.0];0.7258448519937156
[0.0,1.0,0.0,0.0,0.0];0.5159332499633367
[0.0,0.0,1.0,0.0,0.0];0.4495886002202386
[0.0,0.0,0.0,1.0,0.0];0.5112996601428764
[0.5,0.0,0.0,0.5,0.0];0.719262463073811
[0.5,0.0,0.5,0.0,0.0];0.6691813670351295
[0.5,0.0,0.16666666666666666,0.16666666666666666,0.16666666666666666];0.7562176237635884
[0.2,0.2,0.2,0.2,0.2];0.7406087601182051
[0.5,0.0,0.0,0.0,0.5];0.7680663082316361
[0.0,0.0,0.0,0.0,1.0];0.6668306290629173
