S=[LO,CX,DB,PX,RB];result
[1.0,0.0,0.0,0.0,0.0];0.7479926464165083
[0.0,1.0,0.0,0.0,0.0];0.49377278119026335
[0.0,0.0,1.0,0.0,0.0];0.3912751859388668
[0.0,0.0,0.0,1.0,0.0];0.5077797564849587
[0.5,0.0,0.0,0.5,0.0];0.7113448959722923
[0.5,0.0,0.5,0.0,0.0];0.6880609081017726
[0.5,0.0,0.16666666666666666,0.16666666666666666,0.16666666666666666];0.7441791365084922
[0.2,0.2,0.2,0.2,0.2];0.7298387530456154
[0.5,0.0,0.0,0.0,0.5];0.7405256789666586
[0.0,0.0,0.0,0.0,1.0];0.6747664709837895
