S=[LO,CX,DB,PX,RB];result
[1.0,0.0,0.0,0.0,0.0];0.7018219669772869
[0.0,1.0,0.0,0.0,0.0];0.5236760581149495
[0.0,0.0,1.0,0.0,0.0];0.4195888249993792
[0.0,0.0,0.0,1.0,0.0];0.5218513257883854
[0.5,0.0,0.0,0.5,0.0];0.6962561347710945
[0.5,0.0,0.5,0.0,0.0];0.7059628263604696
[0.5,0.0,0.16666666666666666,0.16666666666666666,0.16666666666666666];0.7697848597594025
[0.2,0.2,0.2,0.2,0.2];0.742331935117672
[0.5,0.0,0.0,0.0,0.5];0.7634148946312184
[0.0,0.0,0.0,0.0,1.0];0.6954986549000302
