S=[LO,CX,DB,PX,RB];result
[1.0,0.0,0.0,0.0,0.0];0.6939384864566052
[0.0,1.0,0.0,0.0,0.0];0.505189755959886
[0.0,0.0,1.0,0.0,0.0];0.4449289955383078
[0.0,0.0,0.0,1.0,0.0];0.49554479083137265
[0.5,0.0,0.0,0.5,0.0];0.6841854458836116
[0.5,0.0,0.5,0.0,0.0];0.6972888951958736
[0.5,0.0,0.16666666666666666,0.16666666666666666,0.16666666666666666];0.7354298282342562
[0.2,0.2,0.2,0.2,0.2];0.7321912573959448
[0.5,0.0,0.0,0.0,0.5];0.75585640002868
[0.0,0.0,0.0,0.0,1.0];0.6634146837696435
