S=[LO,CX,DB,PX,RB];result
[1.0,0.0,0.0,0.0,0.0];0.7010061510781087
[0.0,1.0,0.0,0.0,0.0];0.5239260327135928
[0.0,0.0,1.0,0.0,0.0];0.4195057932819181
[0.0,0.0,0.0,1.0,0.0];0.5214488254947496
[0.5,0.0,0.0,0.5,0.0];0.7232972716597559
[0.5,0.0,0.5,0.0,0.0];0.6713677995874658
[0.5,0.0,0.16666666666666666,0.16666666666666666,0.16666666666666666];0.7476812770170957
[0.2,0.2,0.2,0.2,0.2];0.7463560659721377
[0.5,0.0,0.0,0.0,0.5];0.7636442472213312
[0.0,0.0,0.0,0.0,1.0];0.6341099466616895
