S=[LO,CX,DB,PX,RB];result
[1.0,0.0,0.0,0.0,0.0];0.724252532172748
[0.0,1.0,0.0,0.0,0.0];0.5013940989877843
[0.0,0.0,1.0,0.0,0.0];0.4188476600714553
[0.0,0.0,0.0,1.0,0.0];0.49641350744948165
[0.5,0.0,0.0,0.5,0.0];0.7432713129691237
[0.5,0.0,0.5,0.0,0.0];0.6682986321231963
[0.5,0.0,0.16666666666666666,0.16666666666666666,0.16666666666666666];0.7855017841655617
[0.2,0.2,0.2,0.2,0.2];0.7611119331752676
[0.5,0.0,0.0,0.0,0.5];0.7781125098368062
[0.0,0.0,0.0,0.0,1.0];0.6747352580274778
