S=[LO,CX,DB,PX,RB];result
[1.0,0.0,0.0,0.0,0.0];0.720673635501925
[0.0,1.0,0.0,0.0,0.0];0.5161422860526794
[0.0,0.0,1.0,0.0,0.0];0.42047974857829046
[0.0,0.0,0.0,1.0,0.0];0.5520750759824414
[0.5,0.0,0.0,0.5,0.0];0.7390699665095414
[0.5,0.0,0.5,0.0,0.0];0.707355887027571
[0.5,0.0,0.16666666666666666,0.16666666666666666,0.16666666666666666];0.7526847227975826
[0.2,0.2,0.2,0.2,0.2];0.745490495334421
[0.5,0.0,0.0,0.0,0.5];0.7711686045210332
[0.0,0.0,0.0,0.0,1.0];0.6743106208601097
