S=[LO,CX,DB,PX,RB];result
[1.0,0.0,0.0,0.0,0.0];0.7177695169942209
[0.0,1.0,0.0,0.0,0.0];0.46462930221042575
[0.0,0.0,1.0,0.0,0.0];0.40753060308283434
[0.0,0.0,0.0,1.0,0.0];0.4845378448413798
[0.5,0.0,0.0,0.5,0.0];0.7048434986428563
[0.5,0.0,0.5,0.0,0.0];0.6965584373836493
[0.5,0.0,0.16666666666666666,0.16666666666666666,0.16666666666666666];0.7371585476367258
[0.2,0.2,0.2,0.2,0.2];0.7422156499362469
[0.5,0.0,0.0,0.0,0.5];0.7505128949579369
[0.0,0.0,0.0,0.0,1.0];0.6927307982489515
