S=[LO,CX,DB,PX,RB];result
[1.0,0.0,0.0,0.0,0.0];0.6737697564498648
[0.0,1.0,0.0,0.0,0.0];0.4684816268328196
[0.0,0.0,1.0,0.0,0.0];0.411045042175743
[0.0,0.0,0.0,1.0,0.0];0.5041318416826801
[0.5,0.0,0.0,0.5,0.0];0.6871908222185104
[0.5,0.0,0.5,0.0,0.0];0.6918477692492399
[0.5,0.0,0.16666666666666666,0.16666666666666666,0.16666666666666666];0.7457832816334946
[0.2,0.2,0.2,0.2,0.2];0.7403792261833891
[0.5,0.0,0.0,0.0,0.5];0.7559589670145236
[0.0,0.0,0.0,0.0,1.0];0.6377016946402141
