S=[LO,CX,DB,PX,RB];result
[1.0,0.0,0.0,0.0,0.0];0.7084500209643648
[0.0,1.0,0.0,0.0,0.0];0.4964701160988231
[0.0,0.0,1.0,0.0,0.0];0.434621441841753
[0.0,0.0,0.0,1.0,0.0];0.523947014884655
[0.5,0.0,0.0,0.5,0.0];0.7036563493279497
[0.5,0.0,0.5,0.0,0.0];0.682298949001181
[0.5,0.0,0.16666666666666666,0.16666666666666666,0.16666666666666666];0.7309142213257266
[0.2,0.2,0.2,0.2,0.2];0.7474945235343994
[0.5,0.0,0.0,0.0,0.5];0.7573201754039254
[0.0,0.0,0.0,0.0,1.0];0.649753142116264
