S=[LO,CX,DB,PX,RB];result
[1.0,0.0,0.0,0.0,0.0];0.6898992502824679
[0.0,1.0,0.0,0.0,0.0];0.49527127417922434
[0.0,0.0,1.0,0.0,0.0];0.4182540839518998
[0.0,0.0,0.0,1.0,0.0];0.48581075569053983
[0.5,0.0,0.0,0.5,0.0];0.7240679103529953
[0.5,0.0,0.5,0.0,0.0];0.7041223269558354
[0.5,0.0,0.16666666666666666,0.16666666666666666,0.16666666666666666];0.7466961482047823
[0.2,0.2,0.2,0.2,0.2];0.7366454922249079
[0.5,0.0,0.0,0.0,0.5];0.7570217634202411
[0.0,0.0,0.0,0.0,1.0];0.6634587495789457
