S=[LO,CX,DB,PX,RB];result
[1.0,0.0,0.0,0.0,0.0];0.6851795947950545
[0.0,1.0,0.0,0.0,0.0];0.4972455073603669
[0.0,0.0,1.0,0.0,0.0];0.3638837631877513
[0.0,0.0,0.0,1.0,0.0];0.49368510859443765
[0.5,0.0,0.0,0.5,0.0];0.6943384153927794
[0.5,0.0,0.5,0.0,0.0];0.6812115651440108
[0.5,0.0,0.16666666666666666,0.16666666666666666,0.16666666666666666];0.7304838667272235
[0.2,0.2,0.2,0.2,0.2];0.7277183712270883
[0.5,0.0,0.0,0.0,0.5];0.724988160447137
[0.0,0.0,0.0,0.0,1.0];0.6007553968322787
