S=[LO,CX,DB,PX,RB];result
[1.0,0.0,0.0,0.0,0.0];0.6873532002834539
[0.0,1.0,0.0,0.0,0.0];0.47913313538596647
[0.0,0.0,1.0,0.0,0.0];0.41596045299429896
[0.0,0.0,0.0,1.0,0.0];0.48306856674480536
[0.5,0.0,0.0,0.5,0.0];0.7284192420416511
[0.5,0.0,0.5,0.0,0.0];0.6892475297188065
[0.5,0.0,0.16666666666666666,0.16666666666666666,0.16666666666666666];0.7576219102345837
[0.2,0.2,0.2,0.2,0.2];0.7190550117483697
[0.5,0.0,0.0,0.0,0.5];0.7569897857264072
[0.0,0.0,0.0,0.0,1.0];0.6600613876233944
