S=[LO,CX,DB,PX,RB];result
[1.0,0.0,0.0,0.0,0.0];0.7386629686393351
[0.0,1.0,0.0,0.0,0.0];0.498744876695723
[0.0,0.0,1.0,0.0,0.0];0.43018777064573865
[0.0,0.0,0.0,1.0,0.0];0.49061262980418685
[0.5,0.0,0.0,0.5,0.0];0.7335538175767136
[0.5,0.0,0.5,0.0,0.0];0.6782129660393037
[0.5,0.0,0.16666666666666666,0.16666666666666666,0.16666666666666666];0.7219927893358125
[0.2,0.2,0.2,0.2,0.2];0.7316541165513656
[0.5,0.0,0.0,0.0,0.5];0.757432125950557
[0.0,0.0,0.0,0.0,1.0];0.6542162799559903
