S=[LO,CX,DB,PX,RB];result
[1.0,0.0,0.0,0.0,0.0];0.7369248112282913
[0.0,1.0,0.0,0.0,0.0];0.4968950837751587
[0.0,0.0,1.0,0.0,0.0];0.42558796681761
[0.0,0.0,0.0,1.0,0.0];0.48153091468880793
[0.5,0.0,0.0,0.5,0.0];0.7027989322390433
[0.5,0.0,0.5,0.0,0.0];0.6560409909187479
[0.5,0.0,0.16666666666666666,0.16666666666666666,0.16666666666666666];0.7633397083735545
[0.2,0.2,0.2,0.2,0.2];0.7568465865498738
[0.5,0.0,0.0,0.0,0.5];0.7561628536578305
[0.0,0.0,0.0,0.0,1.0];0.6858489522744226
