S=[LO,CX,DB,PX,RB];result
[1.0,0.0,0.0,0.0,0.0];0.7067035011002887
[0.0,1.0,0.0,0.0,0.0];0.5222405648864463
[0.0,0.0,1.0,0.0,0.0];0.41989409898721913
[0.0,0.0,0.0,1.0,0.0];0.49330498746745943
[0.5,0.0,0.0,0.5,0.0];0.7408902422167667
[0.5,0.0,0.5,0.0,0.0];0.7048829167927134
[0.5,0.0,0.16666666666666666,0.16666666666666666,0.16666666666666666];0.7669635534016765
[0.2,0.2,0.2,0.2,0.2];0.7448433343089955
[0.5,0.0,0.0,0.0,0.5];0.7585883074170303
[0.0,0.0,0.0,0.0,1.0];0.6661670697798867
