S=[LO,CX,DB,PX,RB];result
[1.0,0.0,0.0,0.0,0.0];0.7033916335667729
[0.0,1.0,0.0,0.0,0.0];0.5316685177930752
[0.0,0.0,1.0,0.0,0.0];0.4442389957127609
[0.0,0.0,0.0,1.0,0.0];0.5187639787832892
[0.5,0.0,0.0,0.5,0.0];0.7229298923399458
[0.5,0.0,0.5,0.0,0.0];0.7065839179513294
[0.5,0.0,0.16666666666666666,0.16666666666666666,0.16666666666666666];0.7643170301741349
[0.2,0.2,0.2,0.2,0.2];0.7683515692508066
[0.5,0.0,0.0,0.0,0.5];0.7784423583333948
[0.0,0.0,0.0,0.0,1.0];0.652564174557344
