S=[LO,CX,DB,PX,RB];result
[1.0,0.0,0.0,0.0,0.0];0.6573362911654432
[0.0,1.0,0.0,0.0,0.0];0.476404163323072
[0.0,0.0,1.0,0.0,0.0];0.3976979121741939
[0.0,0.0,0.0,1.0,0.0];0.4449210565172391
[0.5,0.0,0.0,0.5,0.0];0.6567151170014626
[0.5,0.0,0.5,0.0,0.0];0.662629525769441
[0.5,0.0,0.16666666666666666,0.16666666666666666,0.16666666666666666];0.7363781880506632
[0.2,0.2,0.2,0.2,0.2];0.7326176839058667
[0.5,0.0,0.0,0.0,0.5];0.7152057925628228
[0.0,0.0,0.0,0.0,1.0];0.6530269531078507
