S=[LO,CX,DB,PX,RB];result
[1.0,0.0,0.0,0.0,0.0];0.7029979672512318
[0.0,1.0,0.0,0.0,0.0];0.45456129366604614
[0.0,0.0,1.0,0.0,0.0];0.4080744165795336
[0.0,0.0,0.0,1.0,0.0];0.44838892205284486
[0.5,0.0,0.0,0.5,0.0];0.708764558122335
[0.5,0.0,0.5,0.0,0.0];0.6926961587808826
[0.5,0.0,0.16666666666666666,0.16666666666666666,0.16666666666666666];0.7431755031047913
[0.2,0.2,0.2,0.2,0.2];0.7394289682797455
[0.5,0.0,0.0,0.0,0.5];0.7412720115666401
[0.0,0.0,0.0,0.0,1.0];0.6610314785462434
