S=[LO,CX,DB,PX,RB];result
[1.0,0.0,0.0,0.0,0.0];0.6955058055736734
[0.0,1.0,0.0,0.0,0.0];0.4848550761270781
[0.0,0.0,1.0,0.0,0.0];0.3835296649059337
[0.0,0.0,0.0,1.0,0.0];0.4836773936541102
[0.5,0.0,0.0,0.5,0.0];0.6925464052130403
[0.5,0.0,0.5,0.0,0.0];0.6486345134173398
[0.5,0.0,0.16666666666666666,0.16666666666666666,0.16666666666666666];0.7527692955350623
[0.2,0.2,0.2,0.2,0.2];0.7462793376839667
[0.5,0.0,0.0,0.0,0.5];0.7478682985600033
[0.0,0.0,0.0,0.0,1.0];0.7070710237835743
