S=[LO,CX,DB,PX,RB];result
[1.0,0.0,0.0,0.0,0.0];0.7080513729201512
[0.0,1.0,0.0,0.0,0.0];0.49517378929010014
[0.0,0.0,1.0,0.0,0.0];0.4236019893219762
[0.0,0.0,0.0,1.0,0.0];0.5211495492171259
[0.5,0.0,0.0,0.5,0.0];0.7047568735636122
[0.5,0.0,0.5,0.0,0.0];0.6902021573286546
[0.5,0.0,0.16666666666666666,0.16666666666666666,0.16666666666666666];0.7512078384175654
[0.2,0.2,0.2,0.2,0.2];0.7414338296361822
[0.5,0.0,0.0,0.0,0.5];0.7379989533465452
[0.0,0.0,0.0,0.0,1.0];0.6380400110322835
