S=[LO,CX,DB,PX,RB];result
[1.0,0.0,0.0,0.0,0.0];0.7600728556040932
[0.0,1.0,0.0,0.0,0.0];0.5293383353427324
[0.0,0.0,1.0,0.0,0.0];0.45279968760440426
[0.0,0.0,0.0,1.0,0.0];0.5456831438552792
[0.5,0.0,0.0,0.5,0.0];0.7450129431582113
[0.5,0.0,0.5,0.0,0.0];0.7089568121225567
[0.5,0.0,0.16666666666666666,0.16666666666666666,0.16666666666666666];0.786824489483215
[0.2,0.2,0.2,0.2,0.2];0.7565116888865598
[0.5,0.0,0.0,0.0,0.5];0.7576236357127626
[0.0,0.0,0.0,0.0,1.0];0.7207078163022587
