S=[LO,CX,DB,PX,RB];result
[1.0,0.0,0.0,0.0,0.0];0.6978932228032444
[0.0,1.0,0.0,0.0,0.0];0.46602185334892976
[0.0,0.0,1.0,0.0,0.0];0.3860616779700392
[0.0,0.0,0.0,1.0,0.0];0.47458702266062747
[0.5,0.0,0.0,0.5,0.0];0.7181759805208783
[0.5,0.0,0.5,0.0,0.0];0.667005196875669
[0.5,0.0,0.16666666666666666,0.16666666666666666,0.16666666666666666];0.7497708560258199
[0.2,0.2,0.2,0.2,0.2];0.7334947558548783
[0.5,0.0,0.0,0.0,0.5];0.7530930376672664
[0.0,0.0,0.0,0.0,1.0];0.646100580179467
