S=[LO,CX,DB,PX,RB];result
[1.0,0.0,0.0,0.0,0.0];0.6343628011928577
[0.0,1.0,0.0,0.0,0.0];0.4354980834553555
[0.0,0.0,1.0,0.0,0.0];0.39356014624593827
[0.0,0.0,0.0,1.0,0.0];0.4474998688942115
[0.5,0.0,0.0,0.5,0.0];0.7118698258484428
[0.5,0.0,0.5,0.0,0.0];0.6648477454392006
[0.5,0.0,0.16666666666666666,0.16666666666666666,0.16666666666666666];0.7500090502175738
[0.2,0.2,0.2,0.2,0.2];0.7245771343598392
[0.5,0.0,0.0,0.0,0.5];0.7365867746301413
[0.0,0.0,0.0,0.0,1.0];0.6802846352917156
