S=[LO,CX,DB,PX,RB];result
[1.0,0.0,0.0,0.0,0.0];0.7460199394618914
[0.0,1.0,0.0,0.0,0.0];0.5132405297496158
[0.0,0.0,1.0,0.0,0.0];0.41964830262951125
[0.0,0.0,0.0,1.0,0.0];0.48478230273321893
[0.5,0.0,0.0,0.5,0.0];0.7145376204592153
[0.5,0.0,0.5,0.0,0.0];0.7071475753160734
[0.5,0.0,0.16666666666666666,0.16666666666666666,0.16666666666666666];0.7474057179467641
[0.2,0.2,0.2,0.2,0.2];0.7642122903931061
[0.5,0.0,0.0,0.0,0.5];0.7611541135181799
[0.0,0.0,0.0,0.0,1.0];0.7095620353899379
