S=[LO,CX,DB,PX,RB];result
[1.0,0.0,0.0,0.0,0.0];0.6986812452341482
[0.0,1.0,0.0,0.0,0.0];0.5311997388085435
[0.0,0.0,1.0,0.0,0.0];0.42432811908236234
[0.0,0.0,0.0,1.0,0.0];0.5178870099350847
[0.5,0.0,0.0,0.5,0.0];0.7257026962865554
[0.5,0.0,0.5,0.0,0.0];0.6594355043856202
[0.5,0.0,0.16666666666666666,0.16666666666666666,0.16666666666666666];0.741210356631061
[0.2,0.2,0.2,0.2,0.2];0.7323361393175972
[0.5,0.0,0.0,0.0,0.5];0.7619321837370777
[0.0,0.0,0.0,0.0,1.0];0.6879848513048562
