S=[LO,CX,DB,PX,RB];result
[1.0,0.0,0.0,0.0,0.0];0.7345208423153242
[0.0,1.0,0.0,0.0,0.0];0.5157358212181766
[0.0,0.0,1.0,0.0,0.0];0.4795226531243132
[0.0,0.0,0.0,1.0,0.0];0.560178398680955
[0.5,0.0,0.0,0.5,0.0];0.7305321870933776
[0.5,0.0,0.5,0.0,0.0];0.7099637273163746
[0.5,0.0,0.16666666666666666,0.16666666666666666,0.16666666666666666];0.7657639005429608
[0.2,0.2,0.2,0.2,0.2];0.7834515136139963
[0.5,0.0,0.0,0.0,0.5];0.7583910775032281
[0.0,0.0,0.0,0.0,1.0];0.6424322228945676
