S=[LO,CX,DB,PX,RB];result
[1.0,0.0,0.0,0.0,0.0];0.6881945255898996
[0.0,1.0,0.0,0.0,0.0];0.44546920335691653
[0.0,0.0,1.0,0.0,0.0];0.3846071085594217
[0.0,0.0,0.0,1.0,0.0];0.46485769146105194
[0.5,0.0,0.0,0.5,0.0];0.7006048864692092
[0.5,0.0,0.5,0.0,0.0];0.6711802212292916
[0.5,0.0,0.16666666666666666,0.16666666666666666,0.16666666666666666];0.7343857943555585
[0.2,0.2,0.2,0.2,0.2];0.7228003142837887
[0.5,0.0,0.0,0.0,0.5];0.727964755518104
[0.0,0.0,0.0,0.0,1.0];0.6663628158637532
