S=[LO,CX,DB,PX,RB];result
[1.0,0.0,0.0,0.0,0.0];0.7433003083545626
[0.0,1.0,0.0,0.0,0.0];0.4881669663842635
[0.0,0.0,1.0,0.0,0.0];0.41105484352705257
[0.0,0.0,0.0,1.0,0.0];0.5130462013521031
[0.5,0.0,0.0,0.5,0.0];0.6947021147064247
[0.5,0.0,0.5,0.0,0.0];0.6877543302397313
[0.5,0.0,0.16666666666666666,0.16666666666666666,0.16666666666666666];0.7631179119857472
[0.2,0.2,0.2,0.2,0.2];0.7676941123489344
[0.5,0.0,0.0,0.0,0.5];0.7320145327365528
[0.0,0.0,0.0,0.0,1.0];0.7030765989318835
