S=[LO,CX,DB,PX,RB];result
[1.0,0.0,0.0,0.0,0.0];0.7105608328657026
[0.0,1.0,0.0,0.0,0.0];0.5279297704853496
[0.0,0.0,1.0,0.0,0.0];0.47989828907754584
[0.0,0.0,0.0,1.0,0.0];0.5327144072506553
[0.5,0.0,0.0,0.5,0.0];0.745410796497459
[0.5,0.0,0.5,0.0,0.0];0.6992445031938553
[0.5,0.0,0.16666666666666666,0.16666666666666666,0.16666666666666666];0.7602071976173768
[0.2,0.2,0.2,0.2,0.2];0.7651708464757436
[0.5,0.0,0.0,0.0,0.5];0.7796322303047061
[0.0,0.0,0.0,0.0,1.0];0.7175757174451329
