S=[LO,CX,DB,PX,RB];result
[1.0,0.0,0.0,0.0,0.0];0.701674270226684
[0.0,1.0,0.0,0.0,0.0];0.5411736942599827
[0.0,0.0,1.0,0.0,0.0];0.48058135705262667
[0.0,0.0,0.0,1.0,0.0];0.5341486590337801
[0.5,0.0,0.0,0.5,0.0];0.7312455007976323
[0.5,0.0,0.5,0.0,0.0];0.6816667794037976
[0.5,0.0,0.16666666666666666,0.16666666666666666,0.16666666666666666];0.7525009712478771
[0.2,0.2,0.2,0.2,0.2];0.7543829054615858
[0.5,0.0,0.0,0.0,0.5];0.7654103916124967
[0.0,0.0,0.0,0.0,1.0];0.6683773596255098
