S=[LO,CX,DB,PX,RB];result
[1.0,0.0,0.0,0.0,0.0];0.6821074163814307
[0.0,1.0,0.0,0.0,0.0];0.4624645045209733
[0.0,0.0,1.0,0.0,0.0];0.3854272911127533
[0.0,0.0,0.0,1.0,0.0];0.49110898004796444
[0.5,0.0,0.0,0.5,0.0];0.6955110420973944
[0.5,0.0,0.5,0.0,0.0];0.6645506715875444
[0.5,0.0,0.16666666666666666,0.16666666666666666,0.16666666666666666];0.7358867813290499
[0.2,0.2,0.2,0.2,0.2];0.750203516988655
[0.5,0.0,0.0,0.0,0.5];0.7321690624258814
[0.0,0.0,0.0,0.0,1.0];0.6367050903627035
