S=[LO,CX,DB,PX,RB];result
[1.0,0.0,0.0,0.0,0.0];0.7310907472128676
[0.0,1.0,0.0,0.0,0.0];0.5428138835854952
[0.0,0.0,1.0,0.0,0.0];0.4394170783828464
[0.0,0.0,0.0,1.0,0.0];0.5546346260049395
[0.5,0.0,0.0,0.5,0.0];0.7798178711797217
[0.5,0.0,0.5,0.0,0.0];0.7091367180780394
[0.5,0.0,0.16666666666666666,0.16666666666666666,0.16666666666666666];0.7844064867680287
[0.2,0.2,0.2,0.2,0.2];0.7597344324082758
[0.5,0.0,0.0,0.0,0.5];0.7760492203988336
[0.0,0.0,0.0,0.0,1.0];0.7238548842035537
