S=[LO,CX,DB,PX,RB];result
[1.0,0.0,0.0,0.0,0.0];0.715505924492903
[0.0,1.0,0.0,0.0,0.0];0.5328484521077863
[0.0,0.0,1.0,0.0,0.0];0.40402855198313575
[0.0,0.0,0.0,1.0,0.0];0.514788634738207
[0.5,0.0,0.0,0.5,0.0];0.6765632793016537
[0.5,0.0,0.5,0.0,0.0];0.6637540900627419
[0.5,0.0,0.16666666666666666,0.16666666666666666,0.16666666666666666];0.7354802961480733
[0.2,0.2,0.2,0.2,0.2];0.7464688768750725
[0.5,0.0,0.0,0.0,0.5];0.7233619700088505
[0.0,0.0,0.0,0.0,1.0];0.669662562371611
