S=[LO,CX,DB,PX,RB];result
[1.0,0.0,0.0,0.0,0.0];0.7251142132716113
[0.0,1.0,0.0,0.0,0.0];0.5081201949604028
[0.0,0.0,1.0,0.0,0.0];0.39936241401352335
[0.0,0.0,0.0,1.0,0.0];0.5101650310532725
[0.5,0.0,0.0,0.5,0.0];0.712864813582321
[0.5,0.0,0.5,0.0,0.0];0.7137965090707342
[0.5,0.0,0.16666666666666666,0.16666666666666666,0.16666666666666666];0.7300673065841844
[0.2,0.2,0.2,0.2,0.2];0.7540740450004285
[0.5,0.0,0.0,0.0,0.5];0.7413964144252254
[0.0,0.0,0.0,0.0,1.0];0.5988432210579255
