S=[LO,CX,DB,PX,RB];result
[1.0,0.0,0.0,0.0,0.0];0.6609033796903978
[0.0,1.0,0.0,0.0,0.0];0.44066711872480874
[0.0,0.0,1.0,0.0,0.0];0.4048244640297932
[0.0,0.0,0.0,1.0,0.0];0.47832193776757354
[0.5,0.0,0.0,0.5,0.0];0.6945301574188848
[0.5,0.0,0.5,0.0,0.0];0.6807076894546791
[0.5,0.0,0.16666666666666666,0.16666666666666666,0.16666666666666666];0.738555233800843
[0.2,0.2,0.2,0.2,0.2];0.743685809361745
[0.5,0.0,0.0,0.0,0.5];0.738457122994938
[0.0,0.0,0.0,0.0,1.0];0.7114756826724412
