S=[LO,CX,DB,PX,RB];result
[1.0,0.0,0.0,0.0,0.0];0.6993251977226929
[0.0,1.0,0.0,0.0,0.0];0.4939641792509961
[0.0,0.0,1.0,0.0,0.0];0.36543654669388226
[0.0,0.0,0.0,1.0,0.0];0.491117466777744
[0.5,0.0,0.0,0.5,0.0];0.6967215862299412
[0.5,0.0,0.5,0.0,0.0];0.7202595091330044
[0.5,0.0,0.16666666666666666,0.16666666666666666,0.16666666666666666];0.7663364924065097
[0.2,0.2,0.2,0.2,0.2];0.7524081173138465
[0.5,0.0,0.0,0.0,0.5];0.7465033603850826
[0.0,0.0,0.0,0.0,1.0];0.670690805525753
