S=[LO,CX,DB,PX,RB];result
[1.0,0.0,0.0,0.0,0.0];0.7234955517220256
[0.0,1.0,0.0,0.0,0.0];0.5266354405808804
[0.0,0.0,1.0,0.0,0.0];0.42995463503092624
[0.0,0.0,0.0,1.0,0.0];0.5364826007035663
[0.5,0.0,0.0,0.5,0.0];0.718959889780465
[0.5,0.0,0.5,0.0,0.0];0.7135170691788189
[0.5,0.0,0.16666666666666666,0.16666666666666666,0.16666666666666666];0.7634863236096393
[0.2,0.2,0.2,0.2,0.2];0.7687686155672346
[0.5,0.0,0.0,0.0,0.5];0.7881671352954802
[0.0,0.0,0.0,0.0,1.0];0.6104121624170987
