S=[LO,CX,DB,PX,RB];result
[1.0,0.0,0.0,0.0,0.0];0.6896705298817564
[0.0,1.0,0.0,0.0,0.0];0.49199272629773083
[0.0,0.0,1.0,0.0,0.0];0.447862667628313
[0.0,0.0,0.0,1.0,0.0];0.4987584650794095
[0.5,0.0,0.0,0.5,0.0];0.7122606284045445
[0.5,0.0,0.5,0.0,0.0];0.7166784845010583
[0.5,0.0,0.16666666666666666,0.16666666666666666,0.16666666666666666];0.7402276063327788
[0.2,0.2,0.2,0.2,0.2];0.7462642276117437
[0.5,0.0,0.0,0.0,0.5];0.7672767588965422
[0.0,0.0,0.0,0.0,1.0];0.693364610073063
