S=[LO,CX,DB,PX,RB];result
[1.0,0.0,0.0,0.0,0.0];0.688652155986959
[0.0,1.0,0.0,0.0,0.0];0.4740743833001758
[0.0,0.0,1.0,0.0,0.0];0.3843138063845344
[0.0,0.0,0.0,1.0,0.0];0.4568172979111371
[0.5,0.0,0.0,0.5,0.0];0.696356024599293
[0.5,0.0,0.5,0.0,0.0];0.6783164387507253
[0.5,0.0,0.16666666666666666,0.16666666666666666,0.16666666666666666];0.7271979043096254
[0.2,0.2,0.2,0.2,0.2];0.7372468070469402
[0.5,0.0,0.0,0.0,0.5];0.7388374151536216
[0.0,0.0,0.0,0.0,1.0];0.6056769067108907
