S=[LO,CX,DB,PX,RB];result
[1.0,0.0,0.0,0.0,0.0];0.7497351525683458
[0.0,1.0,0.0,0.0,0.0];0.4966683546443103
[0.0,0.0,1.0,0.0,0.0];0.46123351842435956
[0.0,0.0,0.0,1.0,0.0];0.5142430441696255
[0.5,0.0,0.0,0.5,0.0];0.7221289483927116
[0.5,0.0,0.5,0.0,0.0];0.6928238940713468
[0.5,0.0,0.16666666666666666,0.16666666666666666,0.16666666666666666];0.7927616743938252
[0.2,0.2,0.2,0.2,0.2];0.7821767320444002
[0.5,0.0,0.0,0.0,0.5];0.7730294307366063
[0.0,0.0,0.0,0.0,1.0];0.7103503691503772
