S=[LO,CX,DB,PX,RB];result
[1.0,0.0,0.0,0.0,0.0];0.724108675219115
[0.0,1.0,0.0,0.0,0.0];0.5038255847533236
[0.0,0.0,1.0,0.0,0.0];0.46116768585024026
[0.0,0.0,0.0,1.0,0.0];0.5274680499326951
[0.5,0.0,0.0,0.5,0.0];0.708122857737092
[0.5,0.0,0.5,0.0,0.0];0.7389387844295379
[0.5,0.0,0.16666666666666666,0.16666666666666666,0.16666666666666666];0.7782908457352592
[0.2,0.2,0.2,0.2,0.2];0.7536311193203504
[0.5,0.0,0.0,0.0,0.5];0.7557594959751615
[0.0,0.0,0.0,0.0,1.0];0.7060065181288742
