S=[LO,CX,DB,PX,RB];result
[1.0,0.0,0.0,0.0,0.0];0.6988712928253775
[0.0,1.0,0.0,0.0,0.0];0.45058489528856155
[0.0,0.0,1.0,0.0,0.0];0.3877794201505731
[0.0,0.0,0.0,1.0,0.0];0.4772053800121812
[0.5,0.0,0.0,0.5,0.0];0.7150801639806649
[0.5,0.0,0.5,0.0,0.0];0.6744654049831698
[0.5,0.0,0.16666666666666666,0.16666666666666666,0.16666666666666666];0.7274282646585619
[0.2,0.2,0.2,0.2,0.2];0.7304414359489538
[0.5,0.0,0.0,0.0,0.5];0.7428474750245722
[0.0,0.0,0.0,0.0,1.0];0.6585565007222407
