S=[LO,CX,DB,PX,RB];result
[1.0,0.0,0.0,0.0,0.0];0.7269032563040563
[0.0,1.0,0.0,0.0,0.0];0.5027205120159615
[0.0,0.0,1.0,0.0,0.0];0.4173342864390055
[0.0,0.0,0.0,1.0,0.0];0.4967162770595197
[0.5,0.0,0.0,0.5,0.0];0.7188341625232484
[0.5,0.0,0.5,0.0,0.0];0.6928526208615617
[0.5,0.0,0.16666666666666666,0.16666666666666666,0.16666666666666666];0.7490943331155191
[0.2,0.2,0.2,0.2,0.2];0.7670619722314137
[0.5,0.0,0.0,0.0,0.5];0.73868766681223
[0.0,0.0,0.0,0.0,1.0];0.7039693973839346
