S=[LO,CX,DB,PX,RB];result
[1.0,0.0,0.0,0.0,0.0];0.6856020392944152
[0.0,1.0,0.0,0.0,0.0];0.46622369446352
[0.0,0.0,1.0,0.0,0.0];0.44332926535779105
[0.0,0.0,0.0,1.0,0.0];0.47733880514207294
[0.5,0.0,0.0,0.5,0.0];0.7003058345145768
[0.5,0.0,0.5,0.0,0.0];0.6726141806818133
[0.5,0.0,0.16666666666666666,0.16666666666666666,0.16666666666666666];0.7566902189220268
[0.2,0.2,0.2,0.2,0.2];0.7517378424080505
[0.5,0.0,0.0,0.0,0.5];0.7567702475486516
[0.0,0.0,0.0,0.0,1.0];0.64611060555905
