S=[LO,CX,DB,PX,RB];result
[1.0,0.0,0.0,0.0,0.0];0.703122036981476
[0.0,1.0,0.0,0.0,0.0];0.47717477056758306
[0.0,0.0,1.0,0.0,0.0];0.38775006194475503
[0.0,0.0,0.0,1.0,0.0];0.49353237935994143
[0.5,0.0,0.0,0.5,0.0];0.7124192873111572
[0.5,0.0,0.5,0.0,0.0];0.6875649001239537
[0.5,0.0,0.16666666666666666,0.16666666666666666,0.16666666666666666];0.7370870206767592
[0.2,0.2,0.2,0.2,0.2];0.716054441800234
[0.5,0.0,0.0,0.0,0.5];0.7131358969725485
[0.0,0.0,0.0,0.0,1.0];0.6688290374779461
