S=[LO,CX,DB,PX,RB];result
[1.0,0.0,0.0,0.0,0.0];0.6624229302545916
[0.0,1.0,0.0,0.0,0.0];0.4731958319396717
[0.0,0.0,1.0,0.0,0.0];0.3991053904763676
[0.0,0.0,0.0,1.0,0.0];0.48944865477463056
[0.5,0.0,0.0,0.5,0.0];0.6739497747162982
[0.5,0.0,0.5,0.0,0.0];0.6651402266551497
[0.5,0.0,0.16666666666666666,0.16666666666666666,0.16666666666666666];0.741575038991344
[0.2,0.2,0.2,0.2,0.2];0.7213928704881578
[0.5,0.0,0.0,0.0,0.5];0.7168422726278125
[0.0,0.0,0.0,0.0,1.0];0.6231699687022572
