S=[LO,CX,DB,PX,RB];result
[1.0,0.0,0.0,0.0,0.0];0.7149343357580961
[0.0,1.0,0.0,0.0,0.0];0.5307672009205824
[0.0,0.0,1.0,0.0,0.0];0.43805720169428813
[0.0,0.0,0.0,1.0,0.0];0.519879455123524
[0.5,0.0,0.0,0.5,0.0];0.7357977685319605
[0.5,0.0,0.5,0.0,0.0];0.74199552283382
[0.5,0.0,0.16666666666666666,0.16666666666666666,0.16666666666666666];0.7624770497541644
[0.2,0.2,0.2,0.2,0.2];0.7672691581203273
[0.5,0.0,0.0,0.0,0.5];0.7724774895658674
[0.0,0.0,0.0,0.0,1.0];0.6562466885741861
