S=[LO,CX,DB,PX,RB];result
[1.0,0.0,0.0,0.0,0.0];0.6828421396943968
[0.0,1.0,0.0,0.0,0.0];0.445084569754829
[0.0,0.0,1.0,0.0,0.0];0.3790383868855318
[0.0,0.0,0.0,1.0,0.0];0.4658445068087519
[0.5,0.0,0.0,0.5,0.0];0.6879638384628035
[0.5,0.0,0.5,0.0,0.0];0.6563117420556068
[0.5,0.0,0.16666666666666666,0.16666666666666666,0.16666666666666666];0.7248370562216392
[0.2,0.2,0.2,0.2,0.2];0.7116605396506943
[0.5,0.0,0.0,0.0,0.5];0.7256717376256583
[0.0,0.0,0.0,0.0,1.0];0.6127569426217027
