S=[LO,CX,DB,PX,RB];result
[1.0,0.0,0.0,0.0,0.0];0.7171410215477378
[0.0,1.0,0.0,0.0,0.0];0.4936796199481551
[0.0,0.0,1.0,0.0,0.0];0.38037154748502666
[0.0,0.0,0.0,1.0,0.0];0.4854715438944081
[0.5,0.0,0.0,0.5,0.0];0.7457671908587796
[0.5,0.0,0.5,0.0,0.0];0.6526576639021046
[0.5,0.0,0.16666666666666666,0.16666666666666666,0.16666666666666666];0.746096697261198
[0.2,0.2,0.2,0.2,0.2];0.740553018445377
[0.5,0.0,0.0,0.0,0.5];0.7320108715986873
[0.0,0.0,0.0,0.0,1.0];0.6602501235820284
