S=[LO,CX,DB,PX,RB];result
[1.0,0.0,0.0,0.0,0.0];0.7039535475823415
[0.0,1.0,0.0,0.0,0.0];0.4899254181688446
[0.0,0.0,1.0,0.0,0.0];0.4350269104598213
[0.0,0.0,0.0,1.0,0.0];0.4866052854023049
[0.5,0.0,0.0,0.5,0.0];0.7372462352352651
[0.5,0.0,0.5,0.0,0.0];0.7050016861288597
[0.5,0.0,0.16666666666666666,0.16666666666666666,0.16666666666666666];0.7417153824891525
[0.2,0.2,0.2,0.2,0.2];0.7189267650235934
[0.5,0.0,0.0,0.0,0.5];0.7372288320526798
[0.0,0.0,0.0,0.0,1.0];0.6449347819895348
