S=[LO,CX,DB,PX,RB];result
[1.0,0.0,0.0,0.0,0.0];0.7174903525872968
[0.0,1.0,0.0,0.0,0.0];0.529474143516451
[0.0,0.0,1.0,0.0,0.0];0.43900969619100116
[0.0,0.0,0.0,1.0,0.0];0.5339691265553013
[0.5,0.0,0.0,0.5,0.0];0.7397797567618335
[0.5,0.0,0.5,0.0,0.0];0.6724030742726106
[0.5,0.0,0.16666666666666666,0.16666666666666666,0.16666666666666666];0.7803300976603968
[0.2,0.2,0.2,0.2,0.2];0.7633600699031644
[0.5,0.0,0.0,0.0,0.5];0.7432540744655456
[0.0,0.0,0.0,0.0,1.0];0.6304878049504411
