S=[LO,CX,DB,PX,RB];result
[1.0,0.0,0.0,0.0,0.0];0.702966048237857
[0.0,1.0,0.0,0.0,0.0];0.505278944784932
[0.0,0.0,1.0,0.0,0.0];0.4240505136728582
[0.0,0.0,0.0,1.0,0.0];0.4929325002503878
[0.5,0.0,0.0,0.5,0.0];0.7298238578046737
[0.5,0.0,0.5,0.0,0.0];0.6466527230526351
[0.5,0.0,0.16666666666666666,0.16666666666666666,0.16666666666666666];0.7294992286620527
[0.2,0.2,0.2,0.2,0.2];0.7446371153570388
[0.5,0.0,0.0,0.0,0.5];0.7483053009612521
[0.0,0.0,0.0,0.0,1.0];0.6677431142063858
