S=[LO,CX,DB,PX,RB];result
[1.0,0.0,0.0,0.0,0.0];0.7074228308499241
[0.0,1.0,0.0,0.0,0.0];0.5420468312089207
[0.0,0.0,1.0,0.0,0.0];0.4860218795499307
[0.0,0.0,0.0,1.0,0.0];0.5501014622687683
[0.5,0.0,0.0,0.5,0.0];0.716765981610999
[0.5,0.0,0.5,0.0,0.0];0.7019105947876559
[0.5,0.0,0.16666666666666666,0.16666666666666666,0.16666666666666666];0.7941881299826549
[0.2,0.2,0.2,0.2,0.2];0.7628697937776445
[0.5,0.0,0.0,0.0,0.5];0.7942656983396308
[0.0,0.0,0.0,0.0,1.0];0.697110279916853
