S=[LO,CX,DB,PX,RB];result
[1.0,0.0,0.0,0.0,0.0];0.684535211834923
[0.0,1.0,0.0,0.0,0.0];0.5125620743689913
[0.0,0.0,1.0,0.0,0.0];0.39511977364181505
[0.0,0.0,0.0,1.0,0.0];0.5389520614211705
[0.5,0.0,0.0,0.5,0.0];0.7264554410311699
[0.5,0.0,0.5,0.0,0.0];0.6962444057575927
[0.5,0.0,0.16666666666666666,0.16666666666666666,0.16666666666666666];0.7425357798937562
[0.2,0.2,0.2,0.2,0.2];0.7464278946122745
[0.5,0.0,0.0,0.0,0.5];0.7586342688081323
[0.0,0.0,0.0,0.0,1.0];0.6277976168042458
