S=[LO,CX,DB,PX,RB];result
[1.0,0.0,0.0,0.0,0.0];0.7320516533332007
[0.0,1.0,0.0,0.0,0.0];0.502174065193848
[0.0,0.0,1.0,0.0,0.0];0.4290931430467436
[0.0,0.0,0.0,1.0,0.0];0.5191059608670847
[0.5,0.0,0.0,0.5,0.0];0.6918973012674349
[0.5,0.0,0.5,0.0,0.0];0.6995979793705671
[0.5,0.0,0.16666666666666666,0.16666666666666666,0.16666666666666666];0.7486314353611615
[0.2,0.2,0.2,0.2,0.2];0.7666997539349529
[0.5,0.0,0.0,0.0,0.5];0.735235559609515
[0.0,0.0,0.0,0.0,1.0];0.6827142898532222
