S=[LO,CX,DB,PX,RB];result
[1.0,0.0,0.0,0.0,0.0];0.7231824562055755
[0.0,1.0,0.0,0.0,0.0];0.5363697088163627
[0.0,0.0,1.0,0.0,0.0];0.40450662255909653
[0.0,0.0,0.0,1.0,0.0];0.5528186938914887
[0.5,0.0,0.0,0.5,0.0];0.732437286726761
[0.5,0.0,0.5,0.0,0.0];0.7150551002796055
[0.5,0.0,0.16666666666666666,0.16666666666666666,0.16666666666666666];0.762914300582256
[0.2,0.2,0.2,0.2,0.2];0.7831534321156053
[0.5,0.0,0.0,0.0,0.5];0.7691265714256932
[0.0,0.0,0.0,0.0,1.0];0.6429057741051051
