S=[LO,CX,DB,PX,RB];result
[1.0,0.0,0.0,0.0,0.0];0.7081780980627241
[0.0,1.0,0.0,0.0,0.0];0.5333212325606884
[0.0,0.0,1.0,0.0,0.0];0.4148455554355718
[0.0,0.0,0.0,1.0,0.0];0.5113159194580283
[0.5,0.0,0.0,0.5,0.0];0.7063426284451237
[0.5,0.0,0.5,0.0,0.0];0.6931251354033726
[0.5,0.0,0.16666666666666666,0.16666666666666666,0.16666666666666666];0.7521537600990447
[0.2,0.2,0.2,0.2,0.2];0.7399172826584186
[0.5,0.0,0.0,0.0,0.5];0.7538111971211832
[0.0,0.0,0.0,0.0,1.0];0.7078708055244951
