S=[LO,CX,DB,PX,RB];result
[1.0,0.0,0.0,0.0,0.0];0.712472451522665
[0.0,1.0,0.0,0.0,0.0];0.48898218293977824
[0.0,0.0,1.0,0.0,0.0];0.4306987412135497
[0.0,0.0,0.0,1.0,0.0];0.49800796459916186
[0.5,0.0,0.0,0.5,0.0];0.7181837282679273
[0.5,0.0,0.5,0.0,0.0];0.6380962425001866
[0.5,0.0,0.16666666666666666,0.16666666666666666,0.16666666666666666];0.7710579155292379
[0.2,0.2,0.2,0.2,0.2];0.7554503096386108
[0.5,0.0,0.0,0.0,0.5];0.7598587698434595
[0.0,0.0,0.0,0.0,1.0];0.6818941696348924
