S=[LO,CX,DB,PX,RB];result
[1.0,0.0,0.0,0.0,0.0];0.7039479719274917
[0.0,1.0,0.0,0.0,0.0];0.4930215618267381
[0.0,0.0,1.0,0.0,0.0];0.41551628985333644
[0.0,0.0,0.0,1.0,0.0];0.4664832573273316
[0.5,0.0,0.0,0.5,0.0];0.7155752886488136
[0.5,0.0,0.5,0.0,0.0];0.6829233281536061
[0.5,0.0,0.16666666666666666,0.16666666666666666,0.16666666666666666];0.7390753267047572
[0.2,0.2,0.2,0.2,0.2];0.7416365732442229
[0.5,0.0,0.0,0.0,0.5];0.7737357064406051
[0.0,0.0,0.0,0.0,1.0];0.6830616965171046
