S=[LO,CX,DB,PX,RB];result
[1.0,0.0,0.0,0.0,0.0];0.7291046317402147
[0.0,1.0,0.0,0.0,0.0];0.5214899358150376
[0.0,0.0,1.0,0.0,0.0];0.41625885875744945
[0.0,0.0,0.0,1.0,0.0];0.5087883014040014
[0.5,0.0,0.0,0.5,0.0];0.7362967254138948
[0.5,0.0,0.5,0.0,0.0];0.6637589370519112
[0.5,0.0,0.16666666666666666,0.16666666666666666,0.16666666666666666];0.773101799247951
[0.2,0.2,0.2,0.2,0.2];0.7593924173088211
[0.5,0.0,0.0,0.0,0.5];0.7618177072309469
[0.0,0.0,0.0,0.0,1.0];0.6665860452822767
