S=[LO,CX,DB,PX,RB];result
[1.0,0.0,0.0,0.0,0.0];0.7168577603219978
[0.0,1.0,0.0,0.0,0.0];0.5015644437831854
[0.0,0.0,1.0,0.0,0.0];0.40638182538591083
[0.0,0.0,0.0,1.0,0.0];0.5266108938328219
[0.5,0.0,0.0,0.5,0.0];0.6994585194278039
[0.5,0.0,0.5,0.0,0.0];0.6981694705856807
[0.5,0.0,0.16666666666666666,0.16666666666666666,0.16666666666666666];0.7264178894074176
[0.2,0.2,0.2,0.2,0.2];0.7405583135635555
[0.5,0.0,0.0,0.0,0.5];0.7699276061375397
[0.0,0.0,0.0,0.0,1.0];0.5974171341070518
