S=[LO,CX,DB,PX,RB];result
[1.0,0.0,0.0,0.0,0.0];0.7235599717874686
[0.0,1.0,0.0,0.0,0.0];0.5385713432937305
[0.0,0.0,1.0,0.0,0.0];0.460115958051914
[0.0,0.0,0.0,1.0,0.0];0.520233378015043
[0.5,0.0,0.0,0.5,0.0];0.7292946559645439
[0.5,0.0,0.5,0.0,0.0];0.685981598517017
[0.5,0.0,0.16666666666666666,0.16666666666666666,0.16666666666666666];0.7513992234571265
[0.2,0.2,0.2,0.2,0.2];0.7379485017993109
[0.5,0.0,0.0,0.0,0.5];0.7591492728167628
[0.0,0.0,0.0,0.0,1.0];0.677073472110059
