S=[LO,CX,DB,PX,RB];result
[1.0,0.0,0.0,0.0,0.0];0.6865815920468525
[0.0,1.0,0.0,0.0,0.0];0.48346366058050544
[0.0,0.0,1.0,0.0,0.0];0.3964311467484666
[0.0,0.0,0.0,1.0,0.0];0.5081596416086618
[0.5,0.0,0.0,0.5,0.0];0.71047800551701
[0.5,0.0,0.5,0.0,0.0];0.6681435155337725
[0.5,0.0,0.16666666666666666,0.16666666666666666,0.16666666666666666];0.7179338791894826
[0.2,0.2,0.2,0.2,0.2];0.7327071853888245
[0.5,0.0,0.0,0.0,0.5];0.7212562945342194
[0.0,0.0,0.0,0.0,1.0];0.6336890602983505
