S=[LO,CX,DB,PX,RB];result
[1.0,0.0,0.0,0.0,0.0];0.6533385880180455
[0.0,1.0,0.0,0.0,0.0];0.5050823269282372
[0.0,0.0,1.0,0.0,0.0];0.43917384167353263
[0.0,0.0,0.0,1.0,0.0];0.5246295867980393
[0.5,0.0,0.0,0.5,0.0];0.7364939401553514
[0.5,0.0,0.5,0.0,0.0];0.6719745944023265
[0.5,0.0,0.16666666666666666,0.16666666666666666,0.16666666666666666];0.7324250335447282
[0.2,0.2,0.2,0.2,0.2];0.7597576999221821
[0.5,0.0,0.0,0.0,0.5];0.7511291856646085
[0.0,0.0,0.0,0.0,1.0];0.7097942675946127
