S=[LO,CX,DB,PX,RB];result
[1.0,0.0,0.0,0.0,0.0];0.7243056022317276
[0.0,1.0,0.0,0.0,0.0];0.48323965426456883
[0.0,0.0,1.0,0.0,0.0];0.43263466849307547
[0.0,0.0,0.0,1.0,0.0];0.5139026746387008
[0.5,0.0,0.0,0.5,0.0];0.684049808379653
[0.5,0.0,0.5,0.0,0.0];0.7094605889332628
[0.5,0.0,0.16666666666666666,0.16666666666666666,0.16666666666666666];0.7791309380821851
[0.2,0.2,0.2,0.2,0.2];0.7701700971883947
[0.5,0.0,0.0,0.0,0.5];0.7743820502967894
[0.0,0.0,0.0,0.0,1.0];0.6318918677153229
