S=[LO,CX,DB,PX,RB];result
[1.0,0.0,0.0,0.0,0.0];0.7204301541350386
[0.0,1.0,0.0,0.0,0.0];0.5407363858551847
[0.0,0.0,1.0,0.0,0.0];0.46738649667963716
[0.0,0.0,0.0,1.0,0.0];0.5390188481773344
[0.5,0.0,0.0,0.5,0.0];0.7301245177903782
[0.5,0.0,0.5,0.0,0.0];0.7272091028776506
[0.5,0.0,0.16666666666666666,0.16666666666666666,0.16666666666666666];0.7703241317151187
[0.2,0.2,0.2,0.2,0.2];0.7563480311458088
[0.5,0.0,0.0,0.0,0.5];0.7573061501695817
[0.0,0.0,0.0,0.0,1.0];0.6652939336985351
