S=[LO,CX,DB,PX,RB];result
[1.0,0.0,0.0,0.0,0.0];0.7082228279806508
[0.0,1.0,0.0,0.0,0.0];0.5027878495536265
[0.0,0.0,1.0,0.0,0.0];0.41598280475685756
[0.0,0.0,0.0,1.0,0.0];0.5267154872257718
[0.5,0.0,0.0,0.5,0.0];0.7057616650075367
[0.5,0.0,0.5,0.0,0.0];0.6492394445887711
[0.5,0.0,0.16666666666666666,0.16666666666666666,0.16666666666666666];0.7533241289547274
[0.2,0.2,0.2,0.2,0.2];0.7541116347077992
[0.5,0.0,0.0,0.0,0.5];0.7567999138963277
[0.0,0.0,0.0,0.0,1.0];0.7312131900995669
