S=[LO,CX,DB,PX,RB];result
[1.0,0.0,0.0,0.0,0.0];0.6952138289881299
[0.0,1.0,0.0,0.0,0.0];0.49269611724817425
[0.0,0.0,1.0,0.0,0.0];0.39424362005968927
[0.0,0.0,0.0,1.0,0.0];0.4646283968420044
[0.5,0.0,0.0,0.5,0.0];0.6959440426850636
[0.5,0.0,0.5,0.0,0.0];0.6712547549985699
[0.5,0.0,0.16666666666666666,0.16666666666666666,0.16666666666666666];0.7504983883180535
[0.2,0.2,0.2,0.2,0.2];0.7380045665646063
[0.5,0.0,0.0,0.0,0.5];0.7485092973272973
[0.0,0.0,0.0,0.0,1.0];0.6472573757164797
