S=[LO,CX,DB,PX,RB];result
[1.0,0.0,0.0,0.0,0.0];0.6779535250076194
[0.0,1.0,0.0,0.0,0.0];0.5072711281989065
[0.0,0.0,1.0,0.0,0.0];0.4296950608570488
[0.0,0.0,0.0,1.0,0.0];0.5137754606391609
[0.5,0.0,0.0,0.5,0.0];0.7371399072748319
[0.5,0.0,0.5,0.0,0.0];0.6689857381472669
[0.5,0.0,0.16666666666666666,0.16666666666666666,0.16666666666666666];0.7472166212880381
[0.2,0.2,0.2,0.2,0.2];0.7579581846963458
[0.5,0.0,0.0,0.0,0.5];0.7576652300926154
[0.0,0.0,0.0,0.0,1.0];0.6488299253269365
