S=[LO,CX,DB,PX,RB];result
[1.0,0.0,0.0,0.0,0.0];0.708966809081661
[0.0,1.0,0.0,0.0,0.0];0.5071424439677379
[0.0,0.0,1.0,0.0,0.0];0.3766782202247761
[0.0,0.0,0.0,1.0,0.0];0.5055208909358814
[0.5,0.0,0.0,0.5,0.0];0.7259993479887068
[0.5,0.0,0.5,0.0,0.0];0.6809871354701108
[0.5,0.0,0.16666666666666666,0.16666666666666666,0.16666666666666666];0.7766886543519872
[0.2,0.2,0.2,0.2,0.2];0.7632883922242812
[0.5,0.0,0.0,0.0,0.5];0.7732098486883361
[0.0,0.0,0.0,0.0,1.0];0.6677551356930882
