S=[LO,CX,DB,PX,RB];result
[1.0,0.0,0.0,0.0,0.0];0.6782036938724241
[0.0,1.0,0.0,0.0,0.0];0.49277677301839745
[0.0,0.0,1.0,0.0,0.0];0.44428927570453847
[0.0,0.0,0.0,1.0,0.0];0.4868630696863789
[0.5,0.0,0.0,0.5,0.0];0.7037230507733345
[0.5,0.0,0.5,0.0,0.0];0.6449186128330329
[0.5,0.0,0.16666666666666666,0.16666666666666666,0.16666666666666666];0.7390318981320294
[0.2,0.2,0.2,0.2,0.2];0.7517433543149709
[0.5,0.0,0.0,0.0,0.5];0.7487506152115291
[0.0,0.0,0.0,0.0,1.0];0.6814195415779232
