S=[LO,CX,DB,PX,RB];result
[1.0,0.0,0.0,0.0,0.0];0.7304196976105418
[0.0,1.0,0.0,0.0,0.0];0.4912201981505995
[0.0,0.0,1.0,0.0,0.0];0.4243303256030444
[0.0,0.0,0.0,1.0,0.0];0.5047307639057137
[0.5,0.0,0.0,0.5,0.0];0.7061733218817123
[0.5,0.0,0.5,0.0,0.0];0.7020687430877737
[0.5,0.0,0.16666666666666666,0.16666666666666666,0.16666666666666666];0.7646219739443469
[0.2,0.2,0.2,0.2,0.2];0.7528745473437356
[0.5,0.0,0.0,0.0,0.5];0.7401752061898135
[0.0,0.0,0.0,0.0,1.0];0.7031497908366846
