S=[LO,CX,DB,PX,RB];result
[1.0,0.0,0.0,0.0,0.0];0.6757189460560883
[0.0,1.0,0.0,0.0,0.0];0.5291203604929755
[0.0,0.0,1.0,0.0,0.0];0.4493142220707857
[0.0,0.0,0.0,1.0,0.0];0.5433129304977651
[0.5,0.0,0.0,0.5,0.0];0.7467549140550972
[0.5,0.0,0.5,0.0,0.0];0.7070945302523877
[0.5,0.0,0.16666666666666666,0.16666666666666666,0.16666666666666666];0.7580817156968638
[0.2,0.2,0.2,0.2,0.2];0.7706260093736028
[0.5,0.0,0.0,0.0,0.5];0.7547459223621004
[0.0,0.0,0.0,0.0,1.0];0.6532633287959807
