S=[LO,CX,DB,PX,RB];result
[1.0,0.0,0.0,0.0,0.0];0.6976738709597541
[0.0,1.0,0.0,0.0,0.0];0.48890766491259086
[0.0,0.0,1.0,0.0,0.0];0.3620254377212059
[0.0,0.0,0.0,1.0,0.0];0.4758227779383465
[0.5,0.0,0.0,0.5,0.0];0.6893420123292595
[0.5,0.0,0.5,0.0,0.0];0.6833554305286761
[0.5,0.0,0.16666666666666666,0.16666666666666666,0.16666666666666666];0.7316690458939634
[0.2,0.2,0.2,0.2,0.2];0.7319407773669755
[0.5,0.0,0.0,0.0,0.5];0.733800593979304
[0.0,0.0,0.0,0.0,1.0];0.6351516594598252
