S=[LO,CX,DB,PX,RB];result
[1.0,0.0,0.0,0.0,0.0];0.7160081944442538
[0.0,1.0,0.0,0.0,0.0];0.479534570209872
[0.0,0.0,1.0,0.0,0.0];0.3968702698268488
[0.0,0.0,0.0,1.0,0.0];0.47642639858103797
[0.5,0.0,0.0,0.5,0.0];0.7394190644577904
[0.5,0.0,0.5,0.0,0.0];0.6770441954690529
[0.5,0.0,0.16666666666666666,0.16666666666666666,0.16666666666666666];0.7440568592305399
[0.2,0.2,0.2,0.2,0.2];0.6966653668001485
[0.5,0.0,0.0,0.0,0.5];0.7325889855161749
[0.0,0.0,0.0,0.0,1.0];0.6262625229281829
