S=[LO,CX,DB,PX,RB];result
[1.0,0.0,0.0,0.0,0.0];0.6815268149983991
[0.0,1.0,0.0,0.0,0.0];0.5083576953969571
[0.0,0.0,1.0,0.0,0.0];0.40568825130073705
[0.0,0.0,0.0,1.0,0.0];0.507608605898819
[0.5,0.0,0.0,0.5,0.0];0.7083295782112059
[0.5,0.0,0.5,0.0,0.0];0.6814047934071861
[0.5,0.0,0.16666666666666666,0.16666666666666666,0.16666666666666666];0.7601901887200531
[0.2,0.2,0.2,0.2,0.2];0.7495754071429883
[0.5,0.0,0.0,0.0,0.5];0.7346587282314355
[0.0,0.0,0.0,0.0,1.0];0.647678335634346
