S=[LO,CX,DB,PX,RB];result
[1.0,0.0,0.0,0.0,0.0];0.725802114556774
[0.0,1.0,0.0,0.0,0.0];0.493710532199402
[0.0,0.0,1.0,0.0,0.0];0.4243947099100093
[0.0,0.0,0.0,1.0,0.0];0.505058817062817
[0.5,0.0,0.0,0.5,0.0];0.6968828056605503
[0.5,0.0,0.5,0.0,0.0];0.6783288182112637
[0.5,0.0,0.16666666666666666,0.16666666666666666,0.16666666666666666];0.7749077407926583
[0.2,0.2,0.2,0.2,0.2];0.732745306989918
[0.5,0.0,0.0,0.0,0.5];0.7666874219869664
[0.0,0.0,0.0,0.0,1.0];0.6626174924115661
