S=[LO,CX,DB,PX,RB];result
[1.0,0.0,0.0,0.0,0.0];0.6883837311998148
[0.0,1.0,0.0,0.0,0.0];0.499604732709504
[0.0,0.0,1.0,0.0,0.0];0.45069441145232914
[0.0,0.0,0.0,1.0,0.0];0.5093675065171079
[0.5,0.0,0.0,0.5,0.0];0.707915768549726
[0.5,0.0,0.5,0.0,0.0];0.6746979748789766
[0.5,0.0,0.16666666666666666,0.16666666666666666,0.16666666666666666];0.7330569288523165
[0.2,0.2,0.2,0.2,0.2];0.7439982816925578
[0.5,0.0,0.0,0.0,0.5];0.7488867391158524
[0.0,0.0,0.0,0.0,1.0];0.720829045321624
