S=[LO,CX,DB,PX,RB];result
[1.0,0.0,0.0,0.0,0.0];0.7320652511853968
[0.0,1.0,0.0,0.0,0.0];0.4780628437974715
[0.0,0.0,1.0,0.0,0.0];0.4632486801351243
[0.0,0.0,0.0,1.0,0.0];0.5160528612692197
[0.5,0.0,0.0,0.5,0.0];0.6979126958195019
[0.5,0.0,0.5,0.0,0.0];0.693639626034875
[0.5,0.0,0.16666666666666666,0.16666666666666666,0.16666666666666666];0.758241173178633
[0.2,0.2,0.2,0.2,0.2];0.7450248815383149
[0.5,0.0,0.0,0.0,0.5];0.7464576486023641
[0.0,0.0,0.0,0.0,1.0];0.7078224375543531
