S=[LO,CX,DB,PX,RB];result
[1.0,0.0,0.0,0.0,0.0];0.7002242428231079
[0.0,1.0,0.0,0.0,0.0];0.4876654514662605
[0.0,0.0,1.0,0.0,0.0];0.4146582352813025
[0.0,0.0,0.0,1.0,0.0];0.5179617949753277
[0.5,0.0,0.0,0.5,0.0];0.7166960266238087
[0.5,0.0,0.5,0.0,0.0];0.6641410987682189
[0.5,0.0,0.16666666666666666,0.16666666666666666,0.16666666666666666];0.7437955692815765
[0.2,0.2,0.2,0.2,0.2];0.7252139033708396
[0.5,0.0,0.0,0.0,0.5];0.7448128952657556
[0.0,0.0,0.0,0.0,1.0];0.6165722595432386
