S=[LO,CX,DB,PX,RB];result
[1.0,0.0,0.0,0.0,0.0];0.713099283096226
[0.0,1.0,0.0,0.0,0.0];0.47442502234020206
[0.0,0.0,1.0,0.0,0.0];0.38189206496643247
[0.0,0.0,0.0,1.0,0.0];0.504065350807362
[0.5,0.0,0.0,0.5,0.0];0.7382001602507914
[0.5,0.0,0.5,0.0,0.0];0.662486062591546
[0.5,0.0,0.16666666666666666,0.16666666666666666,0.16666666666666666];0.7541829060712737
[0.2,0.2,0.2,0.2,0.2];0.7426388583789508
[0.5,0.0,0.0,0.0,0.5];0.7181477944890513
[0.0,0.0,0.0,0.0,1.0];0.6664570803042492
