S=[LO,CX,DB,PX,RB];result
[1.0,0.0,0.0,0.0,0.0];0.7133460901778902
[0.0,1.0,0.0,0.0,0.0];0.4882408196371088
[0.0,0.0,1.0,0.0,0.0];0.39973959873183423
[0.0,0.0,0.0,1.0,0.0];0.4943044573563492
[0.5,0.0,0.0,0.5,0.0];0.7258176776887044
[0.5,0.0,0.5,0.0,0.0];0.665284979944067
[0.5,0.0,0.16666666666666666,0.16666666666666666,0.16666666666666666];0.7732528881122425
[0.2,0.2,0.2,0.2,0.2];0.7380208545439547
[0.5,0.0,0.0,0.0,0.5];0.7700885750287998
[0.0,0.0,0.0,0.0,1.0];0.693965859260887
