S=[LO,CX,DB,PX,RB];result
[1.0,0.0,0.0,0.0,0.0];0.7324359334885227
[0.0,1.0,0.0,0.0,0.0];0.49857978225358474
[0.0,0.0,1.0,0.0,0.0];0.4589134449522464
[0.0,0.0,0.0,1.0,0.0];0.5468150786960382
[0.5,0.0,0.0,0.5,0.0];0.7084732788610208
[0.5,0.0,0.5,0.0,0.0];0.7156652630226048
[0.5,0.0,0.16666666666666666,0.16666666666666666,0.16666666666666666];0.7632120850972607
[0.2,0.2,0.2,0.2,0.2];0.7648116884190846
[0.5,0.0,0.0,0.0,0.5];0.7772786727562735
[0.0,0.0,0.0,0.0,1.0];0.7001259384445816
