S=[LO,CX,DB,PX,RB];result
[1.0,0.0,0.0,0.0,0.0];0.7264200674096888
[0.0,1.0,0.0,0.0,0.0];0.5586653007864517
[0.0,0.0,1.0,0.0,0.0];0.46536347693253316
[0.0,0.0,0.0,1.0,0.0];0.4941673128652764
[0.5,0.0,0.0,0.5,0.0];0.7543635219617136
[0.5,0.0,0.5,0.0,0.0];0.7339085580840641
[0.5,0.0,0.16666666666666666,0.16666666666666666,0.16666666666666666];0.7690103711880181
[0.2,0.2,0.2,0.2,0.2];0.7629720494990779
[0.5,0.0,0.0,0.0,0.5];0.7842870974096274
[0.0,0.0,0.0,0.0,1.0];0.6302147044588235
