S=[LO,CX,DB,PX,RB];result
[1.0,0.0,0.0,0.0,0.0];0.7349573304045213
[0.0,1.0,0.0,0.0,0.0];0.48448068377287007
[0.0,0.0,1.0,0.0,0.0];0.4008963750990696
[0.0,0.0,0.0,1.0,0.0];0.5025758739048118
[0.5,0.0,0.0,0.5,0.0];0.6989972492098984
[0.5,0.0,0.5,0.0,0.0];0.7010647030434327
[0.5,0.0,0.16666666666666666,0.16666666666666666,0.16666666666666666];0.7523408937248321
[0.2,0.2,0.2,0.2,0.2];0.7467639510604285
[0.5,0.0,0.0,0.0,0.5];0.7818756810459109
[0.0,0.0,0.0,0.0,1.0];0.6299184752601039
