S=[LO,CX,DB,PX,RB];result
[1.0,0.0,0.0,0.0,0.0];0.6456001649946419
[0.0,1.0,0.0,0.0,0.0];0.44699027137841874
[0.0,0.0,1.0,0.0,0.0];0.3728008231627623
[0.0,0.0,0.0,1.0,0.0];0.4633511116849929
[0.5,0.0,0.0,0.5,0.0];0.6712575590441181
[0.5,0.0,0.5,0.0,0.0];0.6786951674142954
[0.5,0.0,0.16666666666666666,0.16666666666666666,0.16666666666666666];0.7167050953143366
[0.2,0.2,0.2,0.2,0.2];0.7362796776887591
[0.5,0.0,0.0,0.0,0.5];0.738174602354833
[0.0,0.0,0.0,0.0,1.0];0.5931593156617879
