S=[LO,CX,DB,PX,RB];result
[1.0,0.0,0.0,0.0,0.0];0.699456560352107
[0.0,1.0,0.0,0.0,0.0];0.5436120690216011
[0.0,0.0,1.0,0.0,0.0];0.4554664923565779
[0.0,0.0,0.0,1.0,0.0];0.5224996369499035
[0.5,0.0,0.0,0.5,0.0];0.7075688976252144
[0.5,0.0,0.5,0.0,0.0];0.6989521319077079
[0.5,0.0,0.16666666666666666,0.16666666666666666,0.16666666666666666];0.7369299549675244
[0.2,0.2,0.2,0.2,0.2];0.7529833986454272
[0.5,0.0,0.0,0.0,0.5];0.758122108716824
[0.0,0.0,0.0,0.0,1.0];0.7095845868666146
