S=[LO,CX,DB,PX,RB];result
[1.0,0.0,0.0,0.0,0.0];0.6765618145154515
[0.0,1.0,0.0,0.0,0.0];0.48891770484474667
[0.0,0.0,1.0,0.0,0.0];0.38688068248759483
[0.0,0.0,0.0,1.0,0.0];0.47767641089942736
[0.5,0.0,0.0,0.5,0.0];0.7026240184100101
[0.5,0.0,0.5,0.0,0.0];0.6920805439031867
[0.5,0.0,0.16666666666666666,0.16666666666666666,0.16666666666666666];0.7717590636847718
[0.2,0.2,0.2,0.2,0.2];0.725967757406885
[0.5,0.0,0.0,0.0,0.5];0.7427391810960622
[0.0,0.0,0.0,0.0,1.0];0.7179560235755613
