S=[LO,CX,DB,PX,RB];result
[1.0,0.0,0.0,0.0,0.0];0.7189791089826483
[0.0,1.0,0.0,0.0,0.0];0.5082541787256756
[0.0,0.0,1.0,0.0,0.0];0.41740594704915635
[0.0,0.0,0.0,1.0,0.0];0.5088093020172579
[0.5,0.0,0.0,0.5,0.0];0.7159197354240137
[0.5,0.0,0.5,0.0,0.0];0.6842586062468985
[0.5,0.0,0.16666666666666666,0.16666666666666666,0.16666666666666666];0.7595856918630399
[0.2,0.2,0.2,0.2,0.2];0.737177850182505
[0.5,0.0,0.0,0.0,0.5];0.7652524314336806
[0.0,0.0,0.0,0.0,1.0];0.7200315416778023
