S=[LO,CX,DB,PX,RB];result
[1.0,0.0,0.0,0.0,0.0];0.6923509680039637
[0.0,1.0,0.0,0.0,0.0];0.487799314564783
[0.0,0.0,1.0,0.0,0.0];0.4317541961318307
[0.0,0.0,0.0,1.0,0.0];0.5019232047716842
[0.5,0.0,0.0,0.5,0.0];0.7507884818821674
[0.5,0.0,0.5,0.0,0.0];0.6985143224497556
[0.5,0.0,0.16666666666666666,0.16666666666666666,0.16666666666666666];0.7405031708118652
[0.2,0.2,0.2,0.2,0.2];0.7344946881900496
[0.5,0.0,0.0,0.0,0.5];0.7465606267055926
[0.0,0.0,0.0,0.0,1.0];0.6663145840513909
