S=[LO,CX,DB,PX,RB];result
[1.0,0.0,0.0,0.0,0.0];0.702058522380691
[0.0,1.0,0.0,0.0,0.0];0.4924901421741091
[0.0,0.0,1.0,0.0,0.0];0.41389014986331174
[0.0,0.0,0.0,1.0,0.0];0.49545607056786145
[0.5,0.0,0.0,0.5,0.0];0.6649028043428816
[0.5,0.0,0.5,0.0,0.0];0.6449684152034354
[0.5,0.0,0.16666666666666666,0.16666666666666666,0.16666666666666666];0.7530686944564264
[0.2,0.2,0.2,0.2,0.2];0.7378289080167131
[0.5,0.0,0.0,0.0,0.5];0.744702986742168
[0.0,0.0,0.0,0.0,1.0];0.6598912053081265
