S=[LO,CX,DB,PX,RB];result
[1.0,0.0,0.0,0.0,0.0];0.7480612807100535
[0.0,1.0,0.0,0.0,0.0];0.5096549819823412
[0.0,0.0,1.0,0.0,0.0];0.4399129111232415
[0.0,0.0,0.0,1.0,0.0];0.518851300598185
[0.5,0.0,0.0,0.5,0.0];0.7189376155532361
[0.5,0.0,0.5,0.0,0.0];0.6667394988237569
[0.5,0.0,0.16666666666666666,0.16666666666666666,0.16666666666666666];0.7501856932895561
[0.2,0.2,0.2,0.2,0.2];0.7565878209303776
[0.5,0.0,0.0,0.0,0.5];0.7742053435252301
[0.0,0.0,0.0,0.0,1.0];0.7009959096340805
