S=[LO,CX,DB,PX,RB];result
[1.0,0.0,0.0,0.0,0.0];0.6776520999335973
[0.0,1.0,0.0,0.0,0.0];0.5037358708303269
[0.0,0.0,1.0,0.0,0.0];0.41487584514504816
[0.0,0.0,0.0,1.0,0.0];0.5140725842425908
[0.5,0.0,0.0,0.5,0.0];0.7336396915677696
[0.5,0.0,0.5,0.0,0.0];0.6797048140014377
[0.5,0.0,0.16666666666666666,0.16666666666666666,0.16666666666666666];0.7527007333488569
[0.2,0.2,0.2,0.2,0.2];0.7265063348102971
[0.5,0.0,0.0,0.0,0.5];0.738916975939081
[0.0,0.0,0.0,0.0,1.0];0.6413168769447442
