S=[LO,CX,DB,PX,RB];result
[1.0,0.0,0.0,0.0,0.0];0.7044049041131385
[0.0,1.0,0.0,0.0,0.0];0.47519781462837996
[0.0,0.0,1.0,0.0,0.0];0.4083524576701355
[0.0,0.0,0.0,1.0,0.0];0.4808260944080913
[0.5,0.0,0.0,0.5,0.0];0.7156438051133318
[0.5,0.0,0.5,0.0,0.0];0.6933719910241225
[0.5,0.0,0.16666666666666666,0.16666666666666666,0.16666666666666666];0.7448128861452743
[0.2,0.2,0.2,0.2,0.2];0.7422284185841265
[0.5,0.0,0.0,0.0,0.5];0.7469476625228577
[0.0,0.0,0.0,0.0,1.0];0.6110629742901895
