S=[LO,CX,DB,PX,RB];result
[1.0,0.0,0.0,0.0,0.0];0.7441036084532846
[0.0,1.0,0.0,0.0,0.0];0.5310334703289192
[0.0,0.0,1.0,0.0,0.0];0.4723506652104231
[0.0,0.0,0.0,1.0,0.0];0.5396398481288249
[0.5,0.0,0.0,0.5,0.0];0.7104350999727405
[0.5,0.0,0.5,0.0,0.0];0.6973759896185545
[0.5,0.0,0.16666666666666666,0.16666666666666666,0.16666666666666666];0.7692305364335745
[0.2,0.2,0.2,0.2,0.2];0.7656039522455901
[0.5,0.0,0.0,0.0,0.5];0.7651989828598763
[0.0,0.0,0.0,0.0,1.0];0.684882700672242
